store_id,item_id,Intermitent,PLC_Status,Cycle_Classification,Variability_Segment,Volume_Segment,Trend,Seasonal
STORE_01,ITEM_001,NO,MATURE,Greater than 2 cycles,Y,B,NO TREND,NO
STORE_01,ITEM_002,NO,MATURE,Greater than 2 cycles,Y,A,NO TREND,NO
STORE_01,ITEM_003,NO,MATURE,Greater than 2 cycles,Y,A,NO TREND,NO
STORE_01,ITEM_004,NO,MATURE,Greater than 2 cycles,Y,A,NO TREND,NO
STORE_01,ITEM_005,NO,MATURE,Greater than 2 cycles,Y,A,NO TREND,NO
STORE_01,ITEM_006,NO,MATURE,Greater than 2 cycles,Y,A,NO TREND,NO
STORE_01,ITEM_007,NO,MATURE,Greater than 2 cycles,Y,B,NO TREND,NO
STORE_01,ITEM_008,NO,MATURE,Greater than 2 cycles,Y,A,NO TREND,NO
STORE_01,ITEM_009,NO,MATURE,Greater than 2 cycles,Y,B,NO TREND,NO
STORE_01,ITEM_010,NO,MATURE,Greater than 2 cycles,Y,B,NO TREND,NO
STORE_01,ITEM_011,NO,MATURE,Greater than 2 cycles,Y,B,NO TREND,NO
STORE_01,ITEM_012,NO,MATURE,Greater than 2 cycles,Y,A,NO TREND,NO
STORE_01,ITEM_013,NO,MATURE,Greater than 2 cycles,Y,B,NO TREND,NO
STORE_01,ITEM_014,NO,MATURE,Greater than 2 cycles,Y,A,NO TREND,NO
STORE_01,ITEM_015,NO,MATURE,Greater than 2 cycles,Y,A,NO TREND,NO
STORE_01,ITEM_016,NO,MATURE,Greater than 2 cycles,Y,A,NO TREND,NO
STORE_01,ITEM_017,NO,MATURE,Greater than 2 cycles,Y,A,NO TREND,NO
STORE_01,ITEM_018,NO,MATURE,Greater than 2 cycles,Y,B,NO TREND,NO
STORE_01,ITEM_019,NO,MATURE,Greater than 2 cycles,Y,A,NO TREND,NO
STORE_01,ITEM_020,NO,MATURE,Greater than 2 cycles,Y,A,NO TREND,NO
STORE_01,ITEM_021,NO,MATURE,Greater than 2 cycles,Y,B,NO TREND,NO
STORE_01,ITEM_022,NO,MATURE,Greater than 2 cycles,Y,B,NO TREND,NO
STORE_01,ITEM_023,NO,MATURE,Greater than 2 cycles,Y,B,NO TREND,NO
STORE_01,ITEM_024,NO,MATURE,Greater than 2 cycles,Y,A,NO TREND,NO
STORE_01,ITEM_025,NO,MATURE,Greater than 2 cycles,Y,A,NO TREND,NO
STORE_01,ITEM_026,NO,MATURE,Greater than 2 cycles,Y,B,NO TREND,NO
STORE_01,ITEM_027,NO,MATURE,Greater than 2 cycles,Y,B,NO TREND,NO
STORE_01,ITEM_028,NO,MATURE,Greater than 2 cycles,Y,B,NO TREND,NO
STORE_01,ITEM_029,NO,MATURE,Greater than 2 cycles,Y,B,NO TREND,NO
STORE_01,ITEM_030,NO,MATURE,Greater than 2 cycles,Y,B,NO TREND,NO
STORE_01,ITEM_031,NO,MATURE,Greater than 2 cycles,Y,A,NO TREND,NO
STORE_01,ITEM_032,NO,MATURE,Greater than 2 cycles,Y,B,NO TREND,NO
STORE_01,ITEM_033,NO,MATURE,Greater than 2 cycles,Y,B,NO TREND,NO
STORE_01,ITEM_034,NO,MATURE,Greater than 2 cycles,Y,B,NO TREND,NO
STORE_01,ITEM_035,NO,MATURE,Greater than 2 cycles,Y,A,NO TREND,NO
STORE_01,ITEM_036,NO,MATURE,Greater than 2 cycles,Y,A,NO TREND,NO
STORE_01,ITEM_037,NO,MATURE,Greater than 2 cycles,Y,A,NO TREND,NO
STORE_01,ITEM_038,NO,MATURE,Greater than 2 cycles,Y,A,NO TREND,NO
STORE_01,ITEM_039,NO,MATURE,Greater than 2 cycles,Y,A,NO TREND,NO
STORE_01,ITEM_040,NO,MATURE,Greater than 2 cycles,Y,A,NO TREND,NO
STORE_01,ITEM_041,NO,MATURE,Greater than 2 cycles,Y,B,NO TREND,NO
STORE_01,ITEM_042,NO,MATURE,Greater than 2 cycles,Y,A,NO TREND,NO
STORE_01,ITEM_043,NO,MATURE,Greater than 2 cycles,Y,A,NO TREND,NO
STORE_01,ITEM_044,NO,MATURE,Greater than 2 cycles,Y,B,NO TREND,NO
STORE_01,ITEM_045,NO,MATURE,Greater than 2 cycles,Y,B,NO TREND,NO
STORE_01,ITEM_046,NO,MATURE,Greater than 2 cycles,Y,A,NO TREND,NO
STORE_01,ITEM_047,NO,MATURE,Greater than 2 cycles,Y,A,NO TREND,NO
STORE_01,ITEM_048,NO,MATURE,Greater than 2 cycles,Y,A,NO TREND,NO
STORE_01,ITEM_049,NO,MATURE,Greater than 2 cycles,Y,A,NO TREND,NO
STORE_01,ITEM_050,NO,MATURE,Greater than 2 cycles,Y,B,NO TREND,NO
STORE_02,ITEM_001,NO,MATURE,Greater than 2 cycles,Y,B,NO TREND,NO
STORE_02,ITEM_002,NO,MATURE,Greater than 2 cycles,Y,B,NO TREND,NO
STORE_02,ITEM_003,NO,MATURE,Greater than 2 cycles,Y,A,NO TREND,NO
STORE_02,ITEM_004,NO,MATURE,Greater than 2 cycles,Y,A,NO TREND,NO
STORE_02,ITEM_005,NO,MATURE,Greater than 2 cycles,Y,A,NO TREND,NO
STORE_02,ITEM_006,NO,MATURE,Greater than 2 cycles,Y,A,NO TREND,NO
STORE_02,ITEM_007,NO,MATURE,Greater than 2 cycles,Y,B,NO TREND,NO
STORE_02,ITEM_008,NO,MATURE,Greater than 2 cycles,Y,A,NO TREND,NO
STORE_02,ITEM_009,NO,MATURE,Greater than 2 cycles,Y,B,NO TREND,NO
STORE_02,ITEM_010,NO,MATURE,Greater than 2 cycles,Y,B,NO TREND,NO
STORE_02,ITEM_011,NO,MATURE,Greater than 2 cycles,Y,B,NO TREND,NO
STORE_02,ITEM_012,NO,MATURE,Greater than 2 cycles,Y,A,NO TREND,NO
STORE_02,ITEM_013,NO,MATURE,Greater than 2 cycles,Y,B,NO TREND,NO
STORE_02,ITEM_014,NO,MATURE,Greater than 2 cycles,Y,A,NO TREND,NO
STORE_02,ITEM_015,NO,MATURE,Greater than 2 cycles,Y,A,NO TREND,NO
STORE_02,ITEM_016,NO,MATURE,Greater than 2 cycles,Y,B,NO TREND,NO
STORE_02,ITEM_017,NO,MATURE,Greater than 2 cycles,Y,A,NO TREND,NO
STORE_02,ITEM_018,NO,MATURE,Greater than 2 cycles,Y,B,NO TREND,NO
STORE_02,ITEM_019,NO,MATURE,Greater than 2 cycles,Y,B,NO TREND,NO
STORE_02,ITEM_020,NO,MATURE,Greater than 2 cycles,Y,A,NO TREND,NO
STORE_02,ITEM_021,NO,MATURE,Greater than 2 cycles,Y,B,NO TREND,NO
STORE_02,ITEM_022,NO,MATURE,Greater than 2 cycles,Y,B,NO TREND,NO
STORE_02,ITEM_023,NO,MATURE,Greater than 2 cycles,Y,B,NO TREND,NO
STORE_02,ITEM_024,NO,MATURE,Greater than 2 cycles,Y,A,NO TREND,NO
STORE_02,ITEM_025,NO,MATURE,Greater than 2 cycles,Y,A,NO TREND,NO
STORE_02,ITEM_026,NO,MATURE,Greater than 2 cycles,Y,B,NO TREND,NO
STORE_02,ITEM_027,NO,MATURE,Greater than 2 cycles,Y,B,NO TREND,NO
STORE_02,ITEM_028,NO,MATURE,Greater than 2 cycles,Y,B,NO TREND,NO
STORE_02,ITEM_029,NO,MATURE,Greater than 2 cycles,Y,B,NO TREND,NO
STORE_02,ITEM_030,NO,MATURE,Greater than 2 cycles,Y,B,NO TREND,NO
STORE_02,ITEM_031,NO,MATURE,Greater than 2 cycles,Y,A,NO TREND,NO
STORE_02,ITEM_032,NO,MATURE,Greater than 2 cycles,Y,B,NO TREND,NO
STORE_02,ITEM_033,NO,MATURE,Greater than 2 cycles,Y,B,NO TREND,NO
STORE_02,ITEM_034,NO,MATURE,Greater than 2 cycles,Y,B,NO TREND,NO
STORE_02,ITEM_035,NO,MATURE,Greater than 2 cycles,Y,A,NO TREND,NO
STORE_02,ITEM_036,NO,MATURE,Greater than 2 cycles,Y,A,NO TREND,NO
STORE_02,ITEM_037,NO,MATURE,Greater than 2 cycles,Y,B,NO TREND,NO
STORE_02,ITEM_038,NO,MATURE,Greater than 2 cycles,Y,A,NO TREND,NO
STORE_02,ITEM_039,NO,MATURE,Greater than 2 cycles,Y,A,NO TREND,NO
STORE_02,ITEM_040,NO,MATURE,Greater than 2 cycles,Y,A,NO TREND,NO
STORE_02,ITEM_041,NO,MATURE,Greater than 2 cycles,Y,B,NO TREND,NO
STORE_02,ITEM_042,NO,MATURE,Greater than 2 cycles,Y,A,NO TREND,NO
STORE_02,ITEM_043,NO,MATURE,Greater than 2 cycles,Y,A,NO TREND,NO
STORE_02,ITEM_044,NO,MATURE,Greater than 2 cycles,Y,B,NO TREND,NO
STORE_02,ITEM_045,NO,MATURE,Greater than 2 cycles,Y,B,NO TREND,NO
STORE_02,ITEM_046,NO,MATURE,Greater than 2 cycles,Y,A,NO TREND,NO
STORE_02,ITEM_047,NO,MATURE,Greater than 2 cycles,Y,B,NO TREND,NO
STORE_02,ITEM_048,NO,MATURE,Greater than 2 cycles,Y,B,NO TREND,NO
STORE_02,ITEM_049,NO,MATURE,Greater than 2 cycles,Y,A,NO TREND,NO
STORE_02,ITEM_050,NO,MATURE,Greater than 2 cycles,Y,B,NO TREND,NO
STORE_03,ITEM_001,NO,MATURE,Greater than 2 cycles,Y,B,NO TREND,NO
STORE_03,ITEM_002,NO,MATURE,Greater than 2 cycles,Y,B,NO TREND,NO
STORE_03,ITEM_003,NO,MATURE,Greater than 2 cycles,Y,A,NO TREND,NO
STORE_03,ITEM_004,NO,MATURE,Greater than 2 cycles,Y,A,NO TREND,NO
STORE_03,ITEM_005,NO,MATURE,Greater than 2 cycles,Y,A,NO TREND,NO
STORE_03,ITEM_006,NO,MATURE,Greater than 2 cycles,Y,A,NO TREND,NO
STORE_03,ITEM_007,NO,MATURE,Greater than 2 cycles,Y,B,NO TREND,NO
STORE_03,ITEM_008,NO,MATURE,Greater than 2 cycles,Y,A,NO TREND,NO
STORE_03,ITEM_009,NO,MATURE,Greater than 2 cycles,Y,B,NO TREND,NO
STORE_03,ITEM_010,NO,MATURE,Greater than 2 cycles,Y,B,NO TREND,NO
STORE_03,ITEM_011,NO,MATURE,Greater than 2 cycles,Y,B,NO TREND,NO
STORE_03,ITEM_012,NO,MATURE,Greater than 2 cycles,Y,A,NO TREND,NO
STORE_03,ITEM_013,NO,MATURE,Greater than 2 cycles,Y,B,NO TREND,NO
STORE_03,ITEM_014,NO,MATURE,Greater than 2 cycles,Y,A,NO TREND,NO
STORE_03,ITEM_015,NO,MATURE,Greater than 2 cycles,Y,A,NO TREND,NO
STORE_03,ITEM_016,NO,MATURE,Greater than 2 cycles,Y,B,NO TREND,NO
STORE_03,ITEM_017,NO,MATURE,Greater than 2 cycles,Y,A,NO TREND,NO
STORE_03,ITEM_018,NO,MATURE,Greater than 2 cycles,Y,B,NO TREND,NO
STORE_03,ITEM_019,NO,MATURE,Greater than 2 cycles,Y,B,NO TREND,NO
STORE_03,ITEM_020,NO,MATURE,Greater than 2 cycles,Y,A,NO TREND,NO
STORE_03,ITEM_021,NO,MATURE,Greater than 2 cycles,Y,B,NO TREND,NO
STORE_03,ITEM_022,NO,MATURE,Greater than 2 cycles,Y,B,NO TREND,NO
STORE_03,ITEM_023,NO,MATURE,Greater than 2 cycles,Y,B,NO TREND,NO
STORE_03,ITEM_024,NO,MATURE,Greater than 2 cycles,Y,A,NO TREND,NO
STORE_03,ITEM_025,NO,MATURE,Greater than 2 cycles,Y,A,NO TREND,NO
STORE_03,ITEM_026,NO,MATURE,Greater than 2 cycles,Y,B,NO TREND,NO
STORE_03,ITEM_027,NO,MATURE,Greater than 2 cycles,Y,B,NO TREND,NO
STORE_03,ITEM_028,NO,MATURE,Greater than 2 cycles,Y,B,NO TREND,NO
STORE_03,ITEM_029,NO,MATURE,Greater than 2 cycles,Y,B,NO TREND,NO
STORE_03,ITEM_030,NO,MATURE,Greater than 2 cycles,Y,B,NO TREND,NO
STORE_03,ITEM_031,NO,MATURE,Greater than 2 cycles,Y,A,NO TREND,NO
STORE_03,ITEM_032,NO,MATURE,Greater than 2 cycles,Y,B,NO TREND,NO
STORE_03,ITEM_033,NO,MATURE,Greater than 2 cycles,Y,B,NO TREND,NO
STORE_03,ITEM_034,NO,MATURE,Greater than 2 cycles,Y,B,NO TREND,NO
STORE_03,ITEM_035,NO,MATURE,Greater than 2 cycles,Y,A,NO TREND,NO
STORE_03,ITEM_036,NO,MATURE,Greater than 2 cycles,Y,A,NO TREND,NO
STORE_03,ITEM_037,NO,MATURE,Greater than 2 cycles,Y,A,NO TREND,NO
STORE_03,ITEM_038,NO,MATURE,Greater than 2 cycles,Y,A,NO TREND,NO
STORE_03,ITEM_039,NO,MATURE,Greater than 2 cycles,Y,A,NO TREND,NO
STORE_03,ITEM_040,NO,MATURE,Greater than 2 cycles,Y,A,NO TREND,NO
STORE_03,ITEM_041,NO,MATURE,Greater than 2 cycles,Y,B,NO TREND,NO
STORE_03,ITEM_042,NO,MATURE,Greater than 2 cycles,Y,A,NO TREND,NO
STORE_03,ITEM_043,NO,MATURE,Greater than 2 cycles,Y,A,NO TREND,NO
STORE_03,ITEM_044,NO,MATURE,Greater than 2 cycles,Y,B,NO TREND,NO
STORE_03,ITEM_045,NO,MATURE,Greater than 2 cycles,Y,B,NO TREND,NO
STORE_03,ITEM_046,NO,MATURE,Greater than 2 cycles,Y,A,NO TREND,NO
STORE_03,ITEM_047,NO,MATURE,Greater than 2 cycles,Y,B,NO TREND,NO
STORE_03,ITEM_048,NO,MATURE,Greater than 2 cycles,Y,A,NO TREND,NO
STORE_03,ITEM_049,NO,MATURE,Greater than 2 cycles,Y,A,NO TREND,NO
STORE_03,ITEM_050,NO,MATURE,Greater than 2 cycles,Y,B,NO TREND,NO
STORE_04,ITEM_001,NO,MATURE,Greater than 2 cycles,Y,B,NO TREND,NO
STORE_04,ITEM_002,NO,MATURE,Greater than 2 cycles,Y,B,NO TREND,NO
STORE_04,ITEM_003,NO,MATURE,Greater than 2 cycles,Y,A,NO TREND,NO
STORE_04,ITEM_004,NO,MATURE,Greater than 2 cycles,Y,A,NO TREND,NO
STORE_04,ITEM_005,NO,MATURE,Greater than 2 cycles,Y,A,NO TREND,NO
STORE_04,ITEM_006,NO,MATURE,Greater than 2 cycles,Y,A,NO TREND,NO
STORE_04,ITEM_007,NO,MATURE,Greater than 2 cycles,Y,B,NO TREND,NO
STORE_04,ITEM_008,NO,MATURE,Greater than 2 cycles,Y,A,NO TREND,NO
STORE_04,ITEM_009,NO,MATURE,Greater than 2 cycles,Y,B,NO TREND,NO
STORE_04,ITEM_010,NO,MATURE,Greater than 2 cycles,Y,B,NO TREND,NO
STORE_04,ITEM_011,NO,MATURE,Greater than 2 cycles,Y,B,NO TREND,NO
STORE_04,ITEM_012,NO,MATURE,Greater than 2 cycles,Y,A,NO TREND,NO
STORE_04,ITEM_013,NO,MATURE,Greater than 2 cycles,Y,B,NO TREND,NO
STORE_04,ITEM_014,NO,MATURE,Greater than 2 cycles,Y,A,NO TREND,NO
STORE_04,ITEM_015,NO,MATURE,Greater than 2 cycles,Y,A,NO TREND,NO
STORE_04,ITEM_016,NO,MATURE,Greater than 2 cycles,Y,B,NO TREND,NO
STORE_04,ITEM_017,NO,MATURE,Greater than 2 cycles,Y,A,NO TREND,NO
STORE_04,ITEM_018,NO,MATURE,Greater than 2 cycles,Y,B,NO TREND,NO
STORE_04,ITEM_019,NO,MATURE,Greater than 2 cycles,Y,B,NO TREND,NO
STORE_04,ITEM_020,NO,MATURE,Greater than 2 cycles,Y,A,NO TREND,NO
STORE_04,ITEM_021,NO,MATURE,Greater than 2 cycles,Y,B,NO TREND,NO
STORE_04,ITEM_022,NO,MATURE,Greater than 2 cycles,Y,B,NO TREND,NO
STORE_04,ITEM_023,NO,MATURE,Greater than 2 cycles,Y,B,NO TREND,NO
STORE_04,ITEM_024,NO,MATURE,Greater than 2 cycles,Y,B,NO TREND,NO
STORE_04,ITEM_025,NO,MATURE,Greater than 2 cycles,Y,A,NO TREND,NO
STORE_04,ITEM_026,NO,MATURE,Greater than 2 cycles,Y,B,NO TREND,NO
STORE_04,ITEM_027,NO,MATURE,Greater than 2 cycles,Y,B,NO TREND,NO
STORE_04,ITEM_028,NO,MATURE,Greater than 2 cycles,Y,B,NO TREND,NO
STORE_04,ITEM_029,NO,MATURE,Greater than 2 cycles,Y,B,NO TREND,NO
STORE_04,ITEM_030,NO,MATURE,Greater than 2 cycles,Y,B,NO TREND,NO
STORE_04,ITEM_031,NO,MATURE,Greater than 2 cycles,Y,A,NO TREND,NO
STORE_04,ITEM_032,NO,MATURE,Greater than 2 cycles,Y,B,NO TREND,NO
STORE_04,ITEM_033,NO,MATURE,Greater than 2 cycles,Y,B,NO TREND,NO
STORE_04,ITEM_034,NO,MATURE,Greater than 2 cycles,Y,B,NO TREND,NO
STORE_04,ITEM_035,NO,MATURE,Greater than 2 cycles,Y,A,NO TREND,NO
STORE_04,ITEM_036,NO,MATURE,Greater than 2 cycles,Y,A,NO TREND,NO
STORE_04,ITEM_037,NO,MATURE,Greater than 2 cycles,Y,B,NO TREND,NO
STORE_04,ITEM_038,NO,MATURE,Greater than 2 cycles,Y,A,NO TREND,NO
STORE_04,ITEM_039,NO,MATURE,Greater than 2 cycles,Y,B,NO TREND,NO
STORE_04,ITEM_040,NO,MATURE,Greater than 2 cycles,Y,A,NO TREND,NO
STORE_04,ITEM_041,NO,MATURE,Greater than 2 cycles,Y,B,NO TREND,NO
STORE_04,ITEM_042,NO,MATURE,Greater than 2 cycles,Y,A,NO TREND,NO
STORE_04,ITEM_043,NO,MATURE,Greater than 2 cycles,Y,A,NO TREND,NO
STORE_04,ITEM_044,NO,MATURE,Greater than 2 cycles,Y,B,NO TREND,NO
STORE_04,ITEM_045,NO,MATURE,Greater than 2 cycles,Y,B,NO TREND,NO
STORE_04,ITEM_046,NO,MATURE,Greater than 2 cycles,Y,A,NO TREND,NO
STORE_04,ITEM_047,NO,MATURE,Greater than 2 cycles,Y,B,NO TREND,NO
STORE_04,ITEM_048,NO,MATURE,Greater than 2 cycles,Y,B,NO TREND,NO
STORE_04,ITEM_049,NO,MATURE,Greater than 2 cycles,Y,A,NO TREND,NO
STORE_04,ITEM_050,NO,MATURE,Greater than 2 cycles,Y,B,NO TREND,NO
STORE_05,ITEM_001,NO,MATURE,Greater than 2 cycles,Y,B,NO TREND,NO
STORE_05,ITEM_002,NO,MATURE,Greater than 2 cycles,Y,B,NO TREND,NO
STORE_05,ITEM_003,NO,MATURE,Greater than 2 cycles,Y,A,NO TREND,NO
STORE_05,ITEM_004,NO,MATURE,Greater than 2 cycles,Y,A,NO TREND,NO
STORE_05,ITEM_005,NO,MATURE,Greater than 2 cycles,Y,A,NO TREND,NO
STORE_05,ITEM_006,NO,MATURE,Greater than 2 cycles,Y,A,NO TREND,NO
STORE_05,ITEM_007,NO,MATURE,Greater than 2 cycles,Y,B,NO TREND,NO
STORE_05,ITEM_008,NO,MATURE,Greater than 2 cycles,Y,A,NO TREND,NO
STORE_05,ITEM_009,NO,MATURE,Greater than 2 cycles,Y,B,NO TREND,NO
STORE_05,ITEM_010,NO,MATURE,Greater than 2 cycles,Y,B,NO TREND,NO
STORE_05,ITEM_011,NO,MATURE,Greater than 2 cycles,Y,B,NO TREND,NO
STORE_05,ITEM_012,NO,MATURE,Greater than 2 cycles,Y,A,NO TREND,NO
STORE_05,ITEM_013,NO,MATURE,Greater than 2 cycles,Y,B,NO TREND,NO
STORE_05,ITEM_014,NO,MATURE,Greater than 2 cycles,Y,A,NO TREND,NO
STORE_05,ITEM_015,NO,MATURE,Greater than 2 cycles,Y,A,NO TREND,NO
STORE_05,ITEM_016,NO,MATURE,Greater than 2 cycles,Y,B,NO TREND,NO
STORE_05,ITEM_017,NO,MATURE,Greater than 2 cycles,Y,A,NO TREND,NO
STORE_05,ITEM_018,NO,MATURE,Greater than 2 cycles,Y,B,NO TREND,NO
STORE_05,ITEM_019,NO,MATURE,Greater than 2 cycles,Y,B,NO TREND,NO
STORE_05,ITEM_020,NO,MATURE,Greater than 2 cycles,Y,A,NO TREND,NO
STORE_05,ITEM_021,NO,MATURE,Greater than 2 cycles,Y,B,NO TREND,NO
STORE_05,ITEM_022,NO,MATURE,Greater than 2 cycles,Y,B,NO TREND,NO
STORE_05,ITEM_023,NO,MATURE,Greater than 2 cycles,Y,B,NO TREND,NO
STORE_05,ITEM_024,NO,MATURE,Greater than 2 cycles,Y,A,NO TREND,NO
STORE_05,ITEM_025,NO,MATURE,Greater than 2 cycles,Y,A,NO TREND,NO
STORE_05,ITEM_026,NO,MATURE,Greater than 2 cycles,Y,B,NO TREND,NO
STORE_05,ITEM_027,NO,MATURE,Greater than 2 cycles,Y,B,NO TREND,NO
STORE_05,ITEM_028,NO,MATURE,Greater than 2 cycles,Y,B,NO TREND,NO
STORE_05,ITEM_029,NO,MATURE,Greater than 2 cycles,Y,B,NO TREND,NO
STORE_05,ITEM_030,NO,MATURE,Greater than 2 cycles,Y,B,NO TREND,NO
STORE_05,ITEM_031,NO,MATURE,Greater than 2 cycles,Y,A,NO TREND,NO
STORE_05,ITEM_032,NO,MATURE,Greater than 2 cycles,Y,B,NO TREND,NO
STORE_05,ITEM_033,NO,MATURE,Greater than 2 cycles,Y,B,NO TREND,NO
STORE_05,ITEM_034,NO,MATURE,Greater than 2 cycles,Y,B,NO TREND,NO
STORE_05,ITEM_035,NO,MATURE,Greater than 2 cycles,Y,A,NO TREND,NO
STORE_05,ITEM_036,NO,MATURE,Greater than 2 cycles,Y,A,NO TREND,NO
STORE_05,ITEM_037,NO,MATURE,Greater than 2 cycles,Y,B,NO TREND,NO
STORE_05,ITEM_038,NO,MATURE,Greater than 2 cycles,Y,A,NO TREND,NO
STORE_05,ITEM_039,NO,MATURE,Greater than 2 cycles,Y,A,NO TREND,NO
STORE_05,ITEM_040,NO,MATURE,Greater than 2 cycles,Y,A,NO TREND,NO
STORE_05,ITEM_041,NO,MATURE,Greater than 2 cycles,Y,B,NO TREND,NO
STORE_05,ITEM_042,NO,MATURE,Greater than 2 cycles,Y,A,NO TREND,NO
STORE_05,ITEM_043,NO,MATURE,Greater than 2 cycles,Y,A,NO TREND,NO
STORE_05,ITEM_044,NO,MATURE,Greater than 2 cycles,Y,B,NO TREND,NO
STORE_05,ITEM_045,NO,MATURE,Greater than 2 cycles,Y,B,NO TREND,NO
STORE_05,ITEM_046,NO,MATURE,Greater than 2 cycles,Y,A,NO TREND,NO
STORE_05,ITEM_047,NO,MATURE,Greater than 2 cycles,Y,B,NO TREND,NO
STORE_05,ITEM_048,NO,MATURE,Greater than 2 cycles,Y,B,NO TREND,NO
STORE_05,ITEM_049,NO,MATURE,Greater than 2 cycles,Y,A,NO TREND,NO
STORE_05,ITEM_050,NO,MATURE,Greater than 2 cycles,Y,B,NO TREND,NO
STORE_06,ITEM_001,NO,MATURE,Greater than 2 cycles,Y,B,NO TREND,NO
STORE_06,ITEM_002,NO,MATURE,Greater than 2 cycles,Y,B,NO TREND,NO
STORE_06,ITEM_003,NO,MATURE,Greater than 2 cycles,Y,B,NO TREND,NO
STORE_06,ITEM_004,NO,MATURE,Greater than 2 cycles,Y,B,NO TREND,NO
STORE_06,ITEM_005,NO,MATURE,Greater than 2 cycles,Y,B,NO TREND,NO
STORE_06,ITEM_006,NO,MATURE,Greater than 2 cycles,Y,B,NO TREND,NO
STORE_06,ITEM_007,NO,MATURE,Greater than 2 cycles,Y,B,NO TREND,NO
STORE_06,ITEM_008,NO,MATURE,Greater than 2 cycles,Y,B,NO TREND,NO
STORE_06,ITEM_009,NO,MATURE,Greater than 2 cycles,Y,B,NO TREND,NO
STORE_06,ITEM_010,NO,MATURE,Greater than 2 cycles,Y,B,NO TREND,NO
STORE_06,ITEM_011,NO,MATURE,Greater than 2 cycles,Y,B,NO TREND,NO
STORE_06,ITEM_012,NO,MATURE,Greater than 2 cycles,Y,B,NO TREND,NO
STORE_06,ITEM_013,NO,MATURE,Greater than 2 cycles,Y,B,NO TREND,NO
STORE_06,ITEM_014,NO,MATURE,Greater than 2 cycles,Y,B,NO TREND,NO
STORE_06,ITEM_015,NO,MATURE,Greater than 2 cycles,Y,A,NO TREND,NO
STORE_06,ITEM_016,NO,MATURE,Greater than 2 cycles,Y,B,NO TREND,NO
STORE_06,ITEM_017,NO,MATURE,Greater than 2 cycles,Y,B,NO TREND,NO
STORE_06,ITEM_018,NO,MATURE,Greater than 2 cycles,Y,B,NO TREND,NO
STORE_06,ITEM_019,NO,MATURE,Greater than 2 cycles,Y,B,NO TREND,NO
STORE_06,ITEM_020,NO,MATURE,Greater than 2 cycles,Y,A,NO TREND,NO
STORE_06,ITEM_021,NO,MATURE,Greater than 2 cycles,Y,B,NO TREND,NO
STORE_06,ITEM_022,NO,MATURE,Greater than 2 cycles,Y,B,NO TREND,NO
STORE_06,ITEM_023,NO,MATURE,Greater than 2 cycles,Y,B,NO TREND,NO
STORE_06,ITEM_024,NO,MATURE,Greater than 2 cycles,Y,B,NO TREND,NO
STORE_06,ITEM_025,NO,MATURE,Greater than 2 cycles,Y,B,NO TREND,NO
STORE_06,ITEM_026,NO,MATURE,Greater than 2 cycles,Y,B,NO TREND,NO
STORE_06,ITEM_027,NO,MATURE,Greater than 2 cycles,Y,B,NO TREND,NO
STORE_06,ITEM_028,NO,MATURE,Greater than 2 cycles,Y,B,NO TREND,NO
STORE_06,ITEM_029,NO,MATURE,Greater than 2 cycles,Y,B,NO TREND,NO
STORE_06,ITEM_030,NO,MATURE,Greater than 2 cycles,Y,B,NO TREND,NO
STORE_06,ITEM_031,NO,MATURE,Greater than 2 cycles,Y,B,NO TREND,NO
STORE_06,ITEM_032,NO,MATURE,Greater than 2 cycles,Y,B,NO TREND,NO
STORE_06,ITEM_033,NO,MATURE,Greater than 2 cycles,Y,B,NO TREND,NO
STORE_06,ITEM_034,NO,MATURE,Greater than 2 cycles,Y,B,NO TREND,NO
STORE_06,ITEM_035,NO,MATURE,Greater than 2 cycles,Y,B,NO TREND,NO
STORE_06,ITEM_036,NO,MATURE,Greater than 2 cycles,Y,B,NO TREND,NO
STORE_06,ITEM_037,NO,MATURE,Greater than 2 cycles,Y,B,NO TREND,NO
STORE_06,ITEM_038,NO,MATURE,Greater than 2 cycles,Y,A,NO TREND,NO
STORE_06,ITEM_039,NO,MATURE,Greater than 2 cycles,Y,B,NO TREND,NO
STORE_06,ITEM_040,NO,MATURE,Greater than 2 cycles,Y,B,NO TREND,NO
STORE_06,ITEM_041,NO,MATURE,Greater than 2 cycles,Y,B,NO TREND,NO
STORE_06,ITEM_042,NO,MATURE,Greater than 2 cycles,Y,B,NO TREND,NO
STORE_06,ITEM_043,NO,MATURE,Greater than 2 cycles,Y,B,NO TREND,NO
STORE_06,ITEM_044,NO,MATURE,Greater than 2 cycles,Y,B,NO TREND,NO
STORE_06,ITEM_045,NO,MATURE,Greater than 2 cycles,Y,B,NO TREND,NO
STORE_06,ITEM_046,NO,MATURE,Greater than 2 cycles,Y,B,NO TREND,NO
STORE_06,ITEM_047,NO,MATURE,Greater than 2 cycles,Y,B,NO TREND,NO
STORE_06,ITEM_048,NO,MATURE,Greater than 2 cycles,Y,B,NO TREND,NO
STORE_06,ITEM_049,NO,MATURE,Greater than 2 cycles,Y,B,NO TREND,NO
STORE_06,ITEM_050,NO,MATURE,Greater than 2 cycles,Y,B,NO TREND,NO
STORE_07,ITEM_001,NO,MATURE,Greater than 2 cycles,Y,B,NO TREND,NO
STORE_07,ITEM_002,NO,MATURE,Greater than 2 cycles,Y,B,NO TREND,NO
STORE_07,ITEM_003,NO,MATURE,Greater than 2 cycles,Y,B,NO TREND,NO
STORE_07,ITEM_004,NO,MATURE,Greater than 2 cycles,Y,A,NO TREND,NO
STORE_07,ITEM_005,NO,MATURE,Greater than 2 cycles,Y,B,NO TREND,NO
STORE_07,ITEM_006,NO,MATURE,Greater than 2 cycles,Y,A,NO TREND,NO
STORE_07,ITEM_007,NO,MATURE,Greater than 2 cycles,Y,B,NO TREND,NO
STORE_07,ITEM_008,NO,MATURE,Greater than 2 cycles,Y,A,NO TREND,NO
STORE_07,ITEM_009,NO,MATURE,Greater than 2 cycles,Y,B,NO TREND,NO
STORE_07,ITEM_010,NO,MATURE,Greater than 2 cycles,Y,B,NO TREND,NO
STORE_07,ITEM_011,NO,MATURE,Greater than 2 cycles,Y,B,NO TREND,NO
STORE_07,ITEM_012,NO,MATURE,Greater than 2 cycles,Y,A,NO TREND,NO
STORE_07,ITEM_013,NO,MATURE,Greater than 2 cycles,Y,B,NO TREND,NO
STORE_07,ITEM_014,NO,MATURE,Greater than 2 cycles,Y,A,NO TREND,NO
STORE_07,ITEM_015,NO,MATURE,Greater than 2 cycles,Y,A,NO TREND,NO
STORE_07,ITEM_016,NO,MATURE,Greater than 2 cycles,Y,B,NO TREND,NO
STORE_07,ITEM_017,NO,MATURE,Greater than 2 cycles,Y,A,NO TREND,NO
STORE_07,ITEM_018,NO,MATURE,Greater than 2 cycles,Y,B,NO TREND,NO
STORE_07,ITEM_019,NO,MATURE,Greater than 2 cycles,Y,B,NO TREND,NO
STORE_07,ITEM_020,NO,MATURE,Greater than 2 cycles,Y,A,NO TREND,NO
STORE_07,ITEM_021,NO,MATURE,Greater than 2 cycles,Y,B,NO TREND,NO
STORE_07,ITEM_022,NO,MATURE,Greater than 2 cycles,Y,B,NO TREND,NO
STORE_07,ITEM_023,NO,MATURE,Greater than 2 cycles,Y,B,NO TREND,NO
STORE_07,ITEM_024,NO,MATURE,Greater than 2 cycles,Y,B,NO TREND,NO
STORE_07,ITEM_025,NO,MATURE,Greater than 2 cycles,Y,B,NO TREND,NO
STORE_07,ITEM_026,NO,MATURE,Greater than 2 cycles,Y,B,NO TREND,NO
STORE_07,ITEM_027,NO,MATURE,Greater than 2 cycles,Y,B,NO TREND,NO
STORE_07,ITEM_028,NO,MATURE,Greater than 2 cycles,Y,B,NO TREND,NO
STORE_07,ITEM_029,NO,MATURE,Greater than 2 cycles,Y,B,NO TREND,NO
STORE_07,ITEM_030,NO,MATURE,Greater than 2 cycles,Y,B,NO TREND,NO
STORE_07,ITEM_031,NO,MATURE,Greater than 2 cycles,Y,A,NO TREND,NO
STORE_07,ITEM_032,NO,MATURE,Greater than 2 cycles,Y,B,NO TREND,NO
STORE_07,ITEM_033,NO,MATURE,Greater than 2 cycles,Y,B,NO TREND,NO
STORE_07,ITEM_034,NO,MATURE,Greater than 2 cycles,Y,B,NO TREND,NO
STORE_07,ITEM_035,NO,MATURE,Greater than 2 cycles,Y,B,NO TREND,NO
STORE_07,ITEM_036,NO,MATURE,Greater than 2 cycles,Y,A,NO TREND,NO
STORE_07,ITEM_037,NO,MATURE,Greater than 2 cycles,Y,B,NO TREND,NO
STORE_07,ITEM_038,NO,MATURE,Greater than 2 cycles,Y,A,NO TREND,NO
STORE_07,ITEM_039,NO,MATURE,Greater than 2 cycles,Y,B,NO TREND,NO
STORE_07,ITEM_040,NO,MATURE,Greater than 2 cycles,Y,B,NO TREND,NO
STORE_07,ITEM_041,NO,MATURE,Greater than 2 cycles,Y,B,NO TREND,NO
STORE_07,ITEM_042,NO,MATURE,Greater than 2 cycles,Y,A,NO TREND,NO
STORE_07,ITEM_043,NO,MATURE,Greater than 2 cycles,Y,A,NO TREND,NO
STORE_07,ITEM_044,NO,MATURE,Greater than 2 cycles,Y,B,NO TREND,NO
STORE_07,ITEM_045,NO,MATURE,Greater than 2 cycles,Y,B,NO TREND,NO
STORE_07,ITEM_046,NO,MATURE,Greater than 2 cycles,Y,B,NO TREND,NO
STORE_07,ITEM_047,NO,MATURE,Greater than 2 cycles,Y,B,NO TREND,NO
STORE_07,ITEM_048,NO,MATURE,Greater than 2 cycles,Y,B,NO TREND,NO
STORE_07,ITEM_049,NO,MATURE,Greater than 2 cycles,Y,B,NO TREND,NO
STORE_07,ITEM_050,NO,MATURE,Greater than 2 cycles,Y,B,NO TREND,NO
STORE_08,ITEM_001,NO,MATURE,Greater than 2 cycles,Y,B,NO TREND,NO
STORE_08,ITEM_002,NO,MATURE,Greater than 2 cycles,Y,B,NO TREND,NO
STORE_08,ITEM_003,NO,MATURE,Greater than 2 cycles,Y,A,NO TREND,NO
STORE_08,ITEM_004,NO,MATURE,Greater than 2 cycles,Y,A,NO TREND,NO
STORE_08,ITEM_005,NO,MATURE,Greater than 2 cycles,Y,A,NO TREND,NO
STORE_08,ITEM_006,NO,MATURE,Greater than 2 cycles,Y,A,NO TREND,NO
STORE_08,ITEM_007,NO,MATURE,Greater than 2 cycles,Y,B,NO TREND,NO
STORE_08,ITEM_008,NO,MATURE,Greater than 2 cycles,Y,A,NO TREND,NO
STORE_08,ITEM_009,NO,MATURE,Greater than 2 cycles,Y,B,NO TREND,NO
STORE_08,ITEM_010,NO,MATURE,Greater than 2 cycles,Y,B,NO TREND,NO
STORE_08,ITEM_011,NO,MATURE,Greater than 2 cycles,Y,B,NO TREND,NO
STORE_08,ITEM_012,NO,MATURE,Greater than 2 cycles,Y,A,NO TREND,NO
STORE_08,ITEM_013,NO,MATURE,Greater than 2 cycles,Y,B,NO TREND,NO
STORE_08,ITEM_014,NO,MATURE,Greater than 2 cycles,Y,A,NO TREND,NO
STORE_08,ITEM_015,NO,MATURE,Greater than 2 cycles,Y,A,NO TREND,NO
STORE_08,ITEM_016,NO,MATURE,Greater than 2 cycles,Y,B,NO TREND,NO
STORE_08,ITEM_017,NO,MATURE,Greater than 2 cycles,Y,A,NO TREND,NO
STORE_08,ITEM_018,NO,MATURE,Greater than 2 cycles,Y,B,NO TREND,NO
STORE_08,ITEM_019,NO,MATURE,Greater than 2 cycles,Y,A,NO TREND,NO
STORE_08,ITEM_020,NO,MATURE,Greater than 2 cycles,Y,A,NO TREND,NO
STORE_08,ITEM_021,NO,MATURE,Greater than 2 cycles,Y,B,NO TREND,NO
STORE_08,ITEM_022,NO,MATURE,Greater than 2 cycles,Y,B,NO TREND,NO
STORE_08,ITEM_023,NO,MATURE,Greater than 2 cycles,Y,B,NO TREND,NO
STORE_08,ITEM_024,NO,MATURE,Greater than 2 cycles,Y,A,NO TREND,NO
STORE_08,ITEM_025,NO,MATURE,Greater than 2 cycles,Y,A,NO TREND,NO
STORE_08,ITEM_026,NO,MATURE,Greater than 2 cycles,Y,B,NO TREND,NO
STORE_08,ITEM_027,NO,MATURE,Greater than 2 cycles,Y,B,NO TREND,NO
STORE_08,ITEM_028,NO,MATURE,Greater than 2 cycles,Y,B,NO TREND,NO
STORE_08,ITEM_029,NO,MATURE,Greater than 2 cycles,Y,B,NO TREND,NO
STORE_08,ITEM_030,NO,MATURE,Greater than 2 cycles,Y,B,NO TREND,NO
STORE_08,ITEM_031,NO,MATURE,Greater than 2 cycles,Y,A,NO TREND,NO
STORE_08,ITEM_032,NO,MATURE,Greater than 2 cycles,Y,B,NO TREND,NO
STORE_08,ITEM_033,NO,MATURE,Greater than 2 cycles,Y,B,NO TREND,NO
STORE_08,ITEM_034,NO,MATURE,Greater than 2 cycles,Y,B,NO TREND,NO
STORE_08,ITEM_035,NO,MATURE,Greater than 2 cycles,Y,A,NO TREND,NO
STORE_08,ITEM_036,NO,MATURE,Greater than 2 cycles,Y,A,NO TREND,NO
STORE_08,ITEM_037,NO,MATURE,Greater than 2 cycles,Y,A,NO TREND,NO
STORE_08,ITEM_038,NO,MATURE,Greater than 2 cycles,Y,A,NO TREND,NO
STORE_08,ITEM_039,NO,MATURE,Greater than 2 cycles,Y,A,NO TREND,NO
STORE_08,ITEM_040,NO,MATURE,Greater than 2 cycles,Y,A,NO TREND,NO
STORE_08,ITEM_041,NO,MATURE,Greater than 2 cycles,Y,B,NO TREND,NO
STORE_08,ITEM_042,NO,MATURE,Greater than 2 cycles,Y,A,NO TREND,NO
STORE_08,ITEM_043,NO,MATURE,Greater than 2 cycles,Y,A,NO TREND,NO
STORE_08,ITEM_044,NO,MATURE,Greater than 2 cycles,Y,B,NO TREND,NO
STORE_08,ITEM_045,NO,MATURE,Greater than 2 cycles,Y,B,NO TREND,NO
STORE_08,ITEM_046,NO,MATURE,Greater than 2 cycles,Y,A,NO TREND,NO
STORE_08,ITEM_047,NO,MATURE,Greater than 2 cycles,Y,B,NO TREND,NO
STORE_08,ITEM_048,NO,MATURE,Greater than 2 cycles,Y,A,NO TREND,NO
STORE_08,ITEM_049,NO,MATURE,Greater than 2 cycles,Y,A,NO TREND,NO
STORE_08,ITEM_050,NO,MATURE,Greater than 2 cycles,Y,B,NO TREND,NO
STORE_09,ITEM_001,NO,MATURE,Greater than 2 cycles,Y,B,NO TREND,NO
STORE_09,ITEM_002,NO,MATURE,Greater than 2 cycles,Y,B,NO TREND,NO
STORE_09,ITEM_003,NO,MATURE,Greater than 2 cycles,Y,B,NO TREND,NO
STORE_09,ITEM_004,NO,MATURE,Greater than 2 cycles,Y,A,NO TREND,NO
STORE_09,ITEM_005,NO,MATURE,Greater than 2 cycles,Y,B,NO TREND,NO
STORE_09,ITEM_006,NO,MATURE,Greater than 2 cycles,Y,A,NO TREND,NO
STORE_09,ITEM_007,NO,MATURE,Greater than 2 cycles,Y,B,NO TREND,NO
STORE_09,ITEM_008,NO,MATURE,Greater than 2 cycles,Y,A,NO TREND,NO
STORE_09,ITEM_009,NO,MATURE,Greater than 2 cycles,Y,B,NO TREND,NO
STORE_09,ITEM_010,NO,MATURE,Greater than 2 cycles,Y,B,NO TREND,NO
STORE_09,ITEM_011,NO,MATURE,Greater than 2 cycles,Y,B,NO TREND,NO
STORE_09,ITEM_012,NO,MATURE,Greater than 2 cycles,Y,A,NO TREND,NO
STORE_09,ITEM_013,NO,MATURE,Greater than 2 cycles,Y,B,NO TREND,NO
STORE_09,ITEM_014,NO,MATURE,Greater than 2 cycles,Y,A,NO TREND,NO
STORE_09,ITEM_015,NO,MATURE,Greater than 2 cycles,Y,A,NO TREND,NO
STORE_09,ITEM_016,NO,MATURE,Greater than 2 cycles,Y,B,NO TREND,NO
STORE_09,ITEM_017,NO,MATURE,Greater than 2 cycles,Y,A,NO TREND,NO
STORE_09,ITEM_018,NO,MATURE,Greater than 2 cycles,Y,B,NO TREND,NO
STORE_09,ITEM_019,NO,MATURE,Greater than 2 cycles,Y,B,NO TREND,NO
STORE_09,ITEM_020,NO,MATURE,Greater than 2 cycles,Y,A,NO TREND,NO
STORE_09,ITEM_021,NO,MATURE,Greater than 2 cycles,Y,B,NO TREND,NO
STORE_09,ITEM_022,NO,MATURE,Greater than 2 cycles,Y,B,NO TREND,NO
STORE_09,ITEM_023,NO,MATURE,Greater than 2 cycles,Y,B,NO TREND,NO
STORE_09,ITEM_024,NO,MATURE,Greater than 2 cycles,Y,B,NO TREND,NO
STORE_09,ITEM_025,NO,MATURE,Greater than 2 cycles,Y,B,NO TREND,NO
STORE_09,ITEM_026,NO,MATURE,Greater than 2 cycles,Y,B,NO TREND,NO
STORE_09,ITEM_027,NO,MATURE,Greater than 2 cycles,Y,B,NO TREND,NO
STORE_09,ITEM_028,NO,MATURE,Greater than 2 cycles,Y,B,NO TREND,NO
STORE_09,ITEM_029,NO,MATURE,Greater than 2 cycles,Y,B,NO TREND,NO
STORE_09,ITEM_030,NO,MATURE,Greater than 2 cycles,Y,B,NO TREND,NO
STORE_09,ITEM_031,NO,MATURE,Greater than 2 cycles,Y,A,NO TREND,NO
STORE_09,ITEM_032,NO,MATURE,Greater than 2 cycles,Y,B,NO TREND,NO
STORE_09,ITEM_033,NO,MATURE,Greater than 2 cycles,Y,B,NO TREND,NO
STORE_09,ITEM_034,NO,MATURE,Greater than 2 cycles,Y,B,NO TREND,NO
STORE_09,ITEM_035,NO,MATURE,Greater than 2 cycles,Y,B,NO TREND,NO
STORE_09,ITEM_036,NO,MATURE,Greater than 2 cycles,Y,B,NO TREND,NO
STORE_09,ITEM_037,NO,MATURE,Greater than 2 cycles,Y,B,NO TREND,NO
STORE_09,ITEM_038,NO,MATURE,Greater than 2 cycles,Y,A,NO TREND,NO
STORE_09,ITEM_039,NO,MATURE,Greater than 2 cycles,Y,B,NO TREND,NO
STORE_09,ITEM_040,NO,MATURE,Greater than 2 cycles,Y,B,NO TREND,NO
STORE_09,ITEM_041,NO,MATURE,Greater than 2 cycles,Y,B,NO TREND,NO
STORE_09,ITEM_042,NO,MATURE,Greater than 2 cycles,Y,A,NO TREND,NO
STORE_09,ITEM_043,NO,MATURE,Greater than 2 cycles,Y,B,NO TREND,NO
STORE_09,ITEM_044,NO,MATURE,Greater than 2 cycles,Y,B,NO TREND,NO
STORE_09,ITEM_045,NO,MATURE,Greater than 2 cycles,Y,B,NO TREND,NO
STORE_09,ITEM_046,NO,MATURE,Greater than 2 cycles,Y,B,NO TREND,NO
STORE_09,ITEM_047,NO,MATURE,Greater than 2 cycles,Y,B,NO TREND,NO
STORE_09,ITEM_048,NO,MATURE,Greater than 2 cycles,Y,B,NO TREND,NO
STORE_09,ITEM_049,NO,MATURE,Greater than 2 cycles,Y,B,NO TREND,NO
STORE_09,ITEM_050,NO,MATURE,Greater than 2 cycles,Y,B,NO TREND,NO
STORE_10,ITEM_001,NO,MATURE,Greater than 2 cycles,Y,B,NO TREND,NO
STORE_10,ITEM_002,NO,MATURE,Greater than 2 cycles,Y,B,NO TREND,NO
STORE_10,ITEM_003,NO,MATURE,Greater than 2 cycles,Y,A,NO TREND,NO
STORE_10,ITEM_004,NO,MATURE,Greater than 2 cycles,Y,A,NO TREND,NO
STORE_10,ITEM_005,NO,MATURE,Greater than 2 cycles,Y,A,NO TREND,NO
STORE_10,ITEM_006,NO,MATURE,Greater than 2 cycles,Y,A,NO TREND,NO
STORE_10,ITEM_007,NO,MATURE,Greater than 2 cycles,Y,B,NO TREND,NO
STORE_10,ITEM_008,NO,MATURE,Greater than 2 cycles,Y,A,NO TREND,NO
STORE_10,ITEM_009,NO,MATURE,Greater than 2 cycles,Y,B,NO TREND,NO
STORE_10,ITEM_010,NO,MATURE,Greater than 2 cycles,Y,B,NO TREND,NO
STORE_10,ITEM_011,NO,MATURE,Greater than 2 cycles,Y,B,NO TREND,NO
STORE_10,ITEM_012,NO,MATURE,Greater than 2 cycles,Y,A,NO TREND,NO
STORE_10,ITEM_013,NO,MATURE,Greater than 2 cycles,Y,B,NO TREND,NO
STORE_10,ITEM_014,NO,MATURE,Greater than 2 cycles,Y,A,NO TREND,NO
STORE_10,ITEM_015,NO,MATURE,Greater than 2 cycles,Y,A,NO TREND,NO
STORE_10,ITEM_016,NO,MATURE,Greater than 2 cycles,Y,B,NO TREND,NO
STORE_10,ITEM_017,NO,MATURE,Greater than 2 cycles,Y,A,NO TREND,NO
STORE_10,ITEM_018,NO,MATURE,Greater than 2 cycles,Y,B,NO TREND,NO
STORE_10,ITEM_019,NO,MATURE,Greater than 2 cycles,Y,A,NO TREND,NO
STORE_10,ITEM_020,NO,MATURE,Greater than 2 cycles,Y,A,NO TREND,NO
STORE_10,ITEM_021,NO,MATURE,Greater than 2 cycles,Y,B,NO TREND,NO
STORE_10,ITEM_022,NO,MATURE,Greater than 2 cycles,Y,B,NO TREND,NO
STORE_10,ITEM_023,NO,MATURE,Greater than 2 cycles,Y,B,NO TREND,NO
STORE_10,ITEM_024,NO,MATURE,Greater than 2 cycles,Y,A,NO TREND,NO
STORE_10,ITEM_025,NO,MATURE,Greater than 2 cycles,Y,A,NO TREND,NO
STORE_10,ITEM_026,NO,MATURE,Greater than 2 cycles,Y,B,NO TREND,NO
STORE_10,ITEM_027,NO,MATURE,Greater than 2 cycles,Y,B,NO TREND,NO
STORE_10,ITEM_028,NO,MATURE,Greater than 2 cycles,Y,B,NO TREND,NO
STORE_10,ITEM_029,NO,MATURE,Greater than 2 cycles,Y,B,NO TREND,NO
STORE_10,ITEM_030,NO,MATURE,Greater than 2 cycles,Y,B,NO TREND,NO
STORE_10,ITEM_031,NO,MATURE,Greater than 2 cycles,Y,A,NO TREND,NO
STORE_10,ITEM_032,NO,MATURE,Greater than 2 cycles,Y,B,NO TREND,NO
STORE_10,ITEM_033,NO,MATURE,Greater than 2 cycles,Y,B,NO TREND,NO
STORE_10,ITEM_034,NO,MATURE,Greater than 2 cycles,Y,B,NO TREND,NO
STORE_10,ITEM_035,NO,MATURE,Greater than 2 cycles,Y,A,NO TREND,NO
STORE_10,ITEM_036,NO,MATURE,Greater than 2 cycles,Y,A,NO TREND,NO
STORE_10,ITEM_037,NO,MATURE,Greater than 2 cycles,Y,A,NO TREND,NO
STORE_10,ITEM_038,NO,MATURE,Greater than 2 cycles,Y,A,NO TREND,NO
STORE_10,ITEM_039,NO,MATURE,Greater than 2 cycles,Y,A,NO TREND,NO
STORE_10,ITEM_040,NO,MATURE,Greater than 2 cycles,Y,A,NO TREND,NO
STORE_10,ITEM_041,NO,MATURE,Greater than 2 cycles,Y,B,NO TREND,NO
STORE_10,ITEM_042,NO,MATURE,Greater than 2 cycles,Y,A,NO TREND,NO
STORE_10,ITEM_043,NO,MATURE,Greater than 2 cycles,Y,A,NO TREND,NO
STORE_10,ITEM_044,NO,MATURE,Greater than 2 cycles,Y,B,NO TREND,NO
STORE_10,ITEM_045,NO,MATURE,Greater than 2 cycles,Y,B,NO TREND,NO
STORE_10,ITEM_046,NO,MATURE,Greater than 2 cycles,Y,A,NO TREND,NO
STORE_10,ITEM_047,NO,MATURE,Greater than 2 cycles,Y,B,NO TREND,NO
STORE_10,ITEM_048,NO,MATURE,Greater than 2 cycles,Y,A,NO TREND,NO
STORE_10,ITEM_049,NO,MATURE,Greater than 2 cycles,Y,A,NO TREND,NO
STORE_10,ITEM_050,NO,MATURE,Greater than 2 cycles,Y,B,NO TREND,NO
STORE_11,ITEM_001,NO,MATURE,Greater than 2 cycles,Y,B,NO TREND,NO
STORE_11,ITEM_002,NO,MATURE,Greater than 2 cycles,Y,B,NO TREND,NO
STORE_11,ITEM_003,NO,MATURE,Greater than 2 cycles,Y,B,NO TREND,NO
STORE_11,ITEM_004,NO,MATURE,Greater than 2 cycles,Y,A,NO TREND,NO
STORE_11,ITEM_005,NO,MATURE,Greater than 2 cycles,Y,B,NO TREND,NO
STORE_11,ITEM_006,NO,MATURE,Greater than 2 cycles,Y,A,NO TREND,NO
STORE_11,ITEM_007,NO,MATURE,Greater than 2 cycles,Y,B,NO TREND,NO
STORE_11,ITEM_008,NO,MATURE,Greater than 2 cycles,Y,A,NO TREND,NO
STORE_11,ITEM_009,NO,MATURE,Greater than 2 cycles,Y,B,NO TREND,NO
STORE_11,ITEM_010,NO,MATURE,Greater than 2 cycles,Y,B,NO TREND,NO
STORE_11,ITEM_011,NO,MATURE,Greater than 2 cycles,Y,B,NO TREND,NO
STORE_11,ITEM_012,NO,MATURE,Greater than 2 cycles,Y,A,NO TREND,NO
STORE_11,ITEM_013,NO,MATURE,Greater than 2 cycles,Y,B,NO TREND,NO
STORE_11,ITEM_014,NO,MATURE,Greater than 2 cycles,Y,A,NO TREND,NO
STORE_11,ITEM_015,NO,MATURE,Greater than 2 cycles,Y,A,NO TREND,NO
STORE_11,ITEM_016,NO,MATURE,Greater than 2 cycles,Y,B,NO TREND,NO
STORE_11,ITEM_017,NO,MATURE,Greater than 2 cycles,Y,A,NO TREND,NO
STORE_11,ITEM_018,NO,MATURE,Greater than 2 cycles,Y,B,NO TREND,NO
STORE_11,ITEM_019,NO,MATURE,Greater than 2 cycles,Y,B,NO TREND,NO
STORE_11,ITEM_020,NO,MATURE,Greater than 2 cycles,Y,A,NO TREND,NO
STORE_11,ITEM_021,NO,MATURE,Greater than 2 cycles,Y,B,NO TREND,NO
STORE_11,ITEM_022,NO,MATURE,Greater than 2 cycles,Y,B,NO TREND,NO
STORE_11,ITEM_023,NO,MATURE,Greater than 2 cycles,Y,B,NO TREND,NO
STORE_11,ITEM_024,NO,MATURE,Greater than 2 cycles,Y,B,NO TREND,NO
STORE_11,ITEM_025,NO,MATURE,Greater than 2 cycles,Y,B,NO TREND,NO
STORE_11,ITEM_026,NO,MATURE,Greater than 2 cycles,Y,B,NO TREND,NO
STORE_11,ITEM_027,NO,MATURE,Greater than 2 cycles,Y,B,NO TREND,NO
STORE_11,ITEM_028,NO,MATURE,Greater than 2 cycles,Y,B,NO TREND,NO
STORE_11,ITEM_029,NO,MATURE,Greater than 2 cycles,Y,B,NO TREND,NO
STORE_11,ITEM_030,NO,MATURE,Greater than 2 cycles,Y,B,NO TREND,NO
STORE_11,ITEM_031,NO,MATURE,Greater than 2 cycles,Y,A,NO TREND,NO
STORE_11,ITEM_032,NO,MATURE,Greater than 2 cycles,Y,B,NO TREND,NO
STORE_11,ITEM_033,NO,MATURE,Greater than 2 cycles,Y,B,NO TREND,NO
STORE_11,ITEM_034,NO,MATURE,Greater than 2 cycles,Y,B,NO TREND,NO
STORE_11,ITEM_035,NO,MATURE,Greater than 2 cycles,Y,B,NO TREND,NO
STORE_11,ITEM_036,NO,MATURE,Greater than 2 cycles,Y,B,NO TREND,NO
STORE_11,ITEM_037,NO,MATURE,Greater than 2 cycles,Y,B,NO TREND,NO
STORE_11,ITEM_038,NO,MATURE,Greater than 2 cycles,Y,A,NO TREND,NO
STORE_11,ITEM_039,NO,MATURE,Greater than 2 cycles,Y,B,NO TREND,NO
STORE_11,ITEM_040,NO,MATURE,Greater than 2 cycles,Y,B,NO TREND,NO
STORE_11,ITEM_041,NO,MATURE,Greater than 2 cycles,Y,B,NO TREND,NO
STORE_11,ITEM_042,NO,MATURE,Greater than 2 cycles,Y,A,NO TREND,NO
STORE_11,ITEM_043,NO,MATURE,Greater than 2 cycles,Y,B,NO TREND,NO
STORE_11,ITEM_044,NO,MATURE,Greater than 2 cycles,Y,B,NO TREND,NO
STORE_11,ITEM_045,NO,MATURE,Greater than 2 cycles,Y,B,NO TREND,NO
STORE_11,ITEM_046,NO,MATURE,Greater than 2 cycles,Y,B,NO TREND,NO
STORE_11,ITEM_047,NO,MATURE,Greater than 2 cycles,Y,B,NO TREND,NO
STORE_11,ITEM_048,NO,MATURE,Greater than 2 cycles,Y,B,NO TREND,NO
STORE_11,ITEM_049,NO,MATURE,Greater than 2 cycles,Y,B,NO TREND,NO
STORE_11,ITEM_050,NO,MATURE,Greater than 2 cycles,Y,B,NO TREND,NO
STORE_12,ITEM_001,NO,MATURE,Greater than 2 cycles,Y,B,NO TREND,NO
STORE_12,ITEM_002,NO,MATURE,Greater than 2 cycles,Y,B,NO TREND,NO
STORE_12,ITEM_003,NO,MATURE,Greater than 2 cycles,Y,A,NO TREND,NO
STORE_12,ITEM_004,NO,MATURE,Greater than 2 cycles,Y,A,NO TREND,NO
STORE_12,ITEM_005,NO,MATURE,Greater than 2 cycles,Y,A,NO TREND,NO
STORE_12,ITEM_006,NO,MATURE,Greater than 2 cycles,Y,A,NO TREND,NO
STORE_12,ITEM_007,NO,MATURE,Greater than 2 cycles,Y,B,NO TREND,NO
STORE_12,ITEM_008,NO,MATURE,Greater than 2 cycles,Y,A,NO TREND,NO
STORE_12,ITEM_009,NO,MATURE,Greater than 2 cycles,Y,B,NO TREND,NO
STORE_12,ITEM_010,NO,MATURE,Greater than 2 cycles,Y,B,NO TREND,NO
STORE_12,ITEM_011,NO,MATURE,Greater than 2 cycles,Y,B,NO TREND,NO
STORE_12,ITEM_012,NO,MATURE,Greater than 2 cycles,Y,A,NO TREND,NO
STORE_12,ITEM_013,NO,MATURE,Greater than 2 cycles,Y,B,NO TREND,NO
STORE_12,ITEM_014,NO,MATURE,Greater than 2 cycles,Y,A,NO TREND,NO
STORE_12,ITEM_015,NO,MATURE,Greater than 2 cycles,Y,A,NO TREND,NO
STORE_12,ITEM_016,NO,MATURE,Greater than 2 cycles,Y,B,NO TREND,NO
STORE_12,ITEM_017,NO,MATURE,Greater than 2 cycles,Y,A,NO TREND,NO
STORE_12,ITEM_018,NO,MATURE,Greater than 2 cycles,Y,B,NO TREND,NO
STORE_12,ITEM_019,NO,MATURE,Greater than 2 cycles,Y,B,NO TREND,NO
STORE_12,ITEM_020,NO,MATURE,Greater than 2 cycles,Y,A,NO TREND,NO
STORE_12,ITEM_021,NO,MATURE,Greater than 2 cycles,Y,B,NO TREND,NO
STORE_12,ITEM_022,NO,MATURE,Greater than 2 cycles,Y,B,NO TREND,NO
STORE_12,ITEM_023,NO,MATURE,Greater than 2 cycles,Y,B,NO TREND,NO
STORE_12,ITEM_024,NO,MATURE,Greater than 2 cycles,Y,A,NO TREND,NO
STORE_12,ITEM_025,NO,MATURE,Greater than 2 cycles,Y,A,NO TREND,NO
STORE_12,ITEM_026,NO,MATURE,Greater than 2 cycles,Y,B,NO TREND,NO
STORE_12,ITEM_027,NO,MATURE,Greater than 2 cycles,Y,B,NO TREND,NO
STORE_12,ITEM_028,NO,MATURE,Greater than 2 cycles,Y,B,NO TREND,NO
STORE_12,ITEM_029,NO,MATURE,Greater than 2 cycles,Y,B,NO TREND,NO
STORE_12,ITEM_030,NO,MATURE,Greater than 2 cycles,Y,B,NO TREND,NO
STORE_12,ITEM_031,NO,MATURE,Greater than 2 cycles,Y,A,NO TREND,NO
STORE_12,ITEM_032,NO,MATURE,Greater than 2 cycles,Y,B,NO TREND,NO
STORE_12,ITEM_033,NO,MATURE,Greater than 2 cycles,Y,B,NO TREND,NO
STORE_12,ITEM_034,NO,MATURE,Greater than 2 cycles,Y,B,NO TREND,NO
STORE_12,ITEM_035,NO,MATURE,Greater than 2 cycles,Y,A,NO TREND,NO
STORE_12,ITEM_036,NO,MATURE,Greater than 2 cycles,Y,A,NO TREND,NO
STORE_12,ITEM_037,NO,MATURE,Greater than 2 cycles,Y,B,NO TREND,NO
STORE_12,ITEM_038,NO,MATURE,Greater than 2 cycles,Y,A,NO TREND,NO
STORE_12,ITEM_039,NO,MATURE,Greater than 2 cycles,Y,A,NO TREND,NO
STORE_12,ITEM_040,NO,MATURE,Greater than 2 cycles,Y,A,NO TREND,NO
STORE_12,ITEM_041,NO,MATURE,Greater than 2 cycles,Y,B,NO TREND,NO
STORE_12,ITEM_042,NO,MATURE,Greater than 2 cycles,Y,A,NO TREND,NO
STORE_12,ITEM_043,NO,MATURE,Greater than 2 cycles,Y,A,NO TREND,NO
STORE_12,ITEM_044,NO,MATURE,Greater than 2 cycles,Y,B,NO TREND,NO
STORE_12,ITEM_045,NO,MATURE,Greater than 2 cycles,Y,B,NO TREND,NO
STORE_12,ITEM_046,NO,MATURE,Greater than 2 cycles,Y,A,NO TREND,NO
STORE_12,ITEM_047,NO,MATURE,Greater than 2 cycles,Y,B,NO TREND,NO
STORE_12,ITEM_048,NO,MATURE,Greater than 2 cycles,Y,B,NO TREND,NO
STORE_12,ITEM_049,NO,MATURE,Greater than 2 cycles,Y,A,NO TREND,NO
STORE_12,ITEM_050,NO,MATURE,Greater than 2 cycles,Y,B,NO TREND,NO
STORE_13,ITEM_001,NO,MATURE,Greater than 2 cycles,Y,B,NO TREND,NO
STORE_13,ITEM_002,NO,MATURE,Greater than 2 cycles,Y,B,NO TREND,NO
STORE_13,ITEM_003,NO,MATURE,Greater than 2 cycles,Y,A,NO TREND,NO
STORE_13,ITEM_004,NO,MATURE,Greater than 2 cycles,Y,A,NO TREND,NO
STORE_13,ITEM_005,NO,MATURE,Greater than 2 cycles,Y,A,NO TREND,NO
STORE_13,ITEM_006,NO,MATURE,Greater than 2 cycles,Y,A,NO TREND,NO
STORE_13,ITEM_007,NO,MATURE,Greater than 2 cycles,Y,B,NO TREND,NO
STORE_13,ITEM_008,NO,MATURE,Greater than 2 cycles,Y,A,NO TREND,NO
STORE_13,ITEM_009,NO,MATURE,Greater than 2 cycles,Y,B,NO TREND,NO
STORE_13,ITEM_010,NO,MATURE,Greater than 2 cycles,Y,B,NO TREND,NO
STORE_13,ITEM_011,NO,MATURE,Greater than 2 cycles,Y,B,NO TREND,NO
STORE_13,ITEM_012,NO,MATURE,Greater than 2 cycles,Y,A,NO TREND,NO
STORE_13,ITEM_013,NO,MATURE,Greater than 2 cycles,Y,B,NO TREND,NO
STORE_13,ITEM_014,NO,MATURE,Greater than 2 cycles,Y,A,NO TREND,NO
STORE_13,ITEM_015,NO,MATURE,Greater than 2 cycles,Y,A,NO TREND,NO
STORE_13,ITEM_016,NO,MATURE,Greater than 2 cycles,Y,B,NO TREND,NO
STORE_13,ITEM_017,NO,MATURE,Greater than 2 cycles,Y,A,NO TREND,NO
STORE_13,ITEM_018,NO,MATURE,Greater than 2 cycles,Y,B,NO TREND,NO
STORE_13,ITEM_019,NO,MATURE,Greater than 2 cycles,Y,B,NO TREND,NO
STORE_13,ITEM_020,NO,MATURE,Greater than 2 cycles,Y,A,NO TREND,NO
STORE_13,ITEM_021,NO,MATURE,Greater than 2 cycles,Y,B,NO TREND,NO
STORE_13,ITEM_022,NO,MATURE,Greater than 2 cycles,Y,B,NO TREND,NO
STORE_13,ITEM_023,NO,MATURE,Greater than 2 cycles,Y,B,NO TREND,NO
STORE_13,ITEM_024,NO,MATURE,Greater than 2 cycles,Y,A,NO TREND,NO
STORE_13,ITEM_025,NO,MATURE,Greater than 2 cycles,Y,A,NO TREND,NO
STORE_13,ITEM_026,NO,MATURE,Greater than 2 cycles,Y,B,NO TREND,NO
STORE_13,ITEM_027,NO,MATURE,Greater than 2 cycles,Y,B,NO TREND,NO
STORE_13,ITEM_028,NO,MATURE,Greater than 2 cycles,Y,B,NO TREND,NO
STORE_13,ITEM_029,NO,MATURE,Greater than 2 cycles,Y,B,NO TREND,NO
STORE_13,ITEM_030,NO,MATURE,Greater than 2 cycles,Y,B,NO TREND,NO
STORE_13,ITEM_031,NO,MATURE,Greater than 2 cycles,Y,A,NO TREND,NO
STORE_13,ITEM_032,NO,MATURE,Greater than 2 cycles,Y,B,NO TREND,NO
STORE_13,ITEM_033,NO,MATURE,Greater than 2 cycles,Y,B,NO TREND,NO
STORE_13,ITEM_034,NO,MATURE,Greater than 2 cycles,Y,B,NO TREND,NO
STORE_13,ITEM_035,NO,MATURE,Greater than 2 cycles,Y,A,NO TREND,NO
STORE_13,ITEM_036,NO,MATURE,Greater than 2 cycles,Y,A,NO TREND,NO
STORE_13,ITEM_037,NO,MATURE,Greater than 2 cycles,Y,B,NO TREND,NO
STORE_13,ITEM_038,NO,MATURE,Greater than 2 cycles,Y,A,NO TREND,NO
STORE_13,ITEM_039,NO,MATURE,Greater than 2 cycles,Y,A,NO TREND,NO
STORE_13,ITEM_040,NO,MATURE,Greater than 2 cycles,Y,A,NO TREND,NO
STORE_13,ITEM_041,NO,MATURE,Greater than 2 cycles,Y,B,NO TREND,NO
STORE_13,ITEM_042,NO,MATURE,Greater than 2 cycles,Y,A,NO TREND,NO
STORE_13,ITEM_043,NO,MATURE,Greater than 2 cycles,Y,A,NO TREND,NO
STORE_13,ITEM_044,NO,MATURE,Greater than 2 cycles,Y,B,NO TREND,NO
STORE_13,ITEM_045,NO,MATURE,Greater than 2 cycles,Y,B,NO TREND,NO
STORE_13,ITEM_046,NO,MATURE,Greater than 2 cycles,Y,A,NO TREND,NO
STORE_13,ITEM_047,NO,MATURE,Greater than 2 cycles,Y,B,NO TREND,NO
STORE_13,ITEM_048,NO,MATURE,Greater than 2 cycles,Y,B,NO TREND,NO
STORE_13,ITEM_049,NO,MATURE,Greater than 2 cycles,Y,A,NO TREND,NO
STORE_13,ITEM_050,NO,MATURE,Greater than 2 cycles,Y,B,NO TREND,NO
STORE_14,ITEM_001,NO,MATURE,Greater than 2 cycles,Y,B,NO TREND,NO
STORE_14,ITEM_002,NO,MATURE,Greater than 2 cycles,Y,B,NO TREND,NO
STORE_14,ITEM_003,NO,MATURE,Greater than 2 cycles,Y,A,NO TREND,NO
STORE_14,ITEM_004,NO,MATURE,Greater than 2 cycles,Y,A,NO TREND,NO
STORE_14,ITEM_005,NO,MATURE,Greater than 2 cycles,Y,A,NO TREND,NO
STORE_14,ITEM_006,NO,MATURE,Greater than 2 cycles,Y,A,NO TREND,NO
STORE_14,ITEM_007,NO,MATURE,Greater than 2 cycles,Y,B,NO TREND,NO
STORE_14,ITEM_008,NO,MATURE,Greater than 2 cycles,Y,A,NO TREND,NO
STORE_14,ITEM_009,NO,MATURE,Greater than 2 cycles,Y,B,NO TREND,NO
STORE_14,ITEM_010,NO,MATURE,Greater than 2 cycles,Y,B,NO TREND,NO
STORE_14,ITEM_011,NO,MATURE,Greater than 2 cycles,Y,B,NO TREND,NO
STORE_14,ITEM_012,NO,MATURE,Greater than 2 cycles,Y,A,NO TREND,NO
STORE_14,ITEM_013,NO,MATURE,Greater than 2 cycles,Y,B,NO TREND,NO
STORE_14,ITEM_014,NO,MATURE,Greater than 2 cycles,Y,A,NO TREND,NO
STORE_14,ITEM_015,NO,MATURE,Greater than 2 cycles,Y,A,NO TREND,NO
STORE_14,ITEM_016,NO,MATURE,Greater than 2 cycles,Y,B,NO TREND,NO
STORE_14,ITEM_017,NO,MATURE,Greater than 2 cycles,Y,A,NO TREND,NO
STORE_14,ITEM_018,NO,MATURE,Greater than 2 cycles,Y,B,NO TREND,NO
STORE_14,ITEM_019,NO,MATURE,Greater than 2 cycles,Y,B,NO TREND,NO
STORE_14,ITEM_020,NO,MATURE,Greater than 2 cycles,Y,A,NO TREND,NO
STORE_14,ITEM_021,NO,MATURE,Greater than 2 cycles,Y,B,NO TREND,NO
STORE_14,ITEM_022,NO,MATURE,Greater than 2 cycles,Y,B,NO TREND,NO
STORE_14,ITEM_023,NO,MATURE,Greater than 2 cycles,Y,B,NO TREND,NO
STORE_14,ITEM_024,NO,MATURE,Greater than 2 cycles,Y,A,NO TREND,NO
STORE_14,ITEM_025,NO,MATURE,Greater than 2 cycles,Y,A,NO TREND,NO
STORE_14,ITEM_026,NO,MATURE,Greater than 2 cycles,Y,B,NO TREND,NO
STORE_14,ITEM_027,NO,MATURE,Greater than 2 cycles,Y,B,NO TREND,NO
STORE_14,ITEM_028,NO,MATURE,Greater than 2 cycles,Y,B,NO TREND,NO
STORE_14,ITEM_029,NO,MATURE,Greater than 2 cycles,Y,B,NO TREND,NO
STORE_14,ITEM_030,NO,MATURE,Greater than 2 cycles,Y,B,NO TREND,NO
STORE_14,ITEM_031,NO,MATURE,Greater than 2 cycles,Y,A,NO TREND,NO
STORE_14,ITEM_032,NO,MATURE,Greater than 2 cycles,Y,B,NO TREND,NO
STORE_14,ITEM_033,NO,MATURE,Greater than 2 cycles,Y,B,NO TREND,NO
STORE_14,ITEM_034,NO,MATURE,Greater than 2 cycles,Y,B,NO TREND,NO
STORE_14,ITEM_035,NO,MATURE,Greater than 2 cycles,Y,A,NO TREND,NO
STORE_14,ITEM_036,NO,MATURE,Greater than 2 cycles,Y,A,NO TREND,NO
STORE_14,ITEM_037,NO,MATURE,Greater than 2 cycles,Y,A,NO TREND,NO
STORE_14,ITEM_038,NO,MATURE,Greater than 2 cycles,Y,A,NO TREND,NO
STORE_14,ITEM_039,NO,MATURE,Greater than 2 cycles,Y,A,NO TREND,NO
STORE_14,ITEM_040,NO,MATURE,Greater than 2 cycles,Y,A,NO TREND,NO
STORE_14,ITEM_041,NO,MATURE,Greater than 2 cycles,Y,B,NO TREND,NO
STORE_14,ITEM_042,NO,MATURE,Greater than 2 cycles,Y,A,NO TREND,NO
STORE_14,ITEM_043,NO,MATURE,Greater than 2 cycles,Y,A,NO TREND,NO
STORE_14,ITEM_044,NO,MATURE,Greater than 2 cycles,Y,B,NO TREND,NO
STORE_14,ITEM_045,NO,MATURE,Greater than 2 cycles,Y,B,NO TREND,NO
STORE_14,ITEM_046,NO,MATURE,Greater than 2 cycles,Y,A,NO TREND,NO
STORE_14,ITEM_047,NO,MATURE,Greater than 2 cycles,Y,B,NO TREND,NO
STORE_14,ITEM_048,NO,MATURE,Greater than 2 cycles,Y,B,NO TREND,NO
STORE_14,ITEM_049,NO,MATURE,Greater than 2 cycles,Y,A,NO TREND,NO
STORE_14,ITEM_050,NO,MATURE,Greater than 2 cycles,Y,B,NO TREND,NO
STORE_15,ITEM_001,NO,MATURE,Greater than 2 cycles,Y,B,NO TREND,NO
STORE_15,ITEM_002,NO,MATURE,Greater than 2 cycles,Y,B,NO TREND,NO
STORE_15,ITEM_003,NO,MATURE,Greater than 2 cycles,Y,A,NO TREND,NO
STORE_15,ITEM_004,NO,MATURE,Greater than 2 cycles,Y,A,NO TREND,NO
STORE_15,ITEM_005,NO,MATURE,Greater than 2 cycles,Y,A,NO TREND,NO
STORE_15,ITEM_006,NO,MATURE,Greater than 2 cycles,Y,A,NO TREND,NO
STORE_15,ITEM_007,NO,MATURE,Greater than 2 cycles,Y,B,NO TREND,NO
STORE_15,ITEM_008,NO,MATURE,Greater than 2 cycles,Y,A,NO TREND,NO
STORE_15,ITEM_009,NO,MATURE,Greater than 2 cycles,Y,B,NO TREND,NO
STORE_15,ITEM_010,NO,MATURE,Greater than 2 cycles,Y,B,NO TREND,NO
STORE_15,ITEM_011,NO,MATURE,Greater than 2 cycles,Y,B,NO TREND,NO
STORE_15,ITEM_012,NO,MATURE,Greater than 2 cycles,Y,A,NO TREND,NO
STORE_15,ITEM_013,NO,MATURE,Greater than 2 cycles,Y,B,NO TREND,NO
STORE_15,ITEM_014,NO,MATURE,Greater than 2 cycles,Y,A,NO TREND,NO
STORE_15,ITEM_015,NO,MATURE,Greater than 2 cycles,Y,A,NO TREND,NO
STORE_15,ITEM_016,NO,MATURE,Greater than 2 cycles,Y,B,NO TREND,NO
STORE_15,ITEM_017,NO,MATURE,Greater than 2 cycles,Y,A,NO TREND,NO
STORE_15,ITEM_018,NO,MATURE,Greater than 2 cycles,Y,B,NO TREND,NO
STORE_15,ITEM_019,NO,MATURE,Greater than 2 cycles,Y,A,NO TREND,NO
STORE_15,ITEM_020,NO,MATURE,Greater than 2 cycles,Y,A,NO TREND,NO
STORE_15,ITEM_021,NO,MATURE,Greater than 2 cycles,Y,B,NO TREND,NO
STORE_15,ITEM_022,NO,MATURE,Greater than 2 cycles,Y,B,NO TREND,NO
STORE_15,ITEM_023,NO,MATURE,Greater than 2 cycles,Y,B,NO TREND,NO
STORE_15,ITEM_024,NO,MATURE,Greater than 2 cycles,Y,A,NO TREND,NO
STORE_15,ITEM_025,NO,MATURE,Greater than 2 cycles,Y,A,NO TREND,NO
STORE_15,ITEM_026,NO,MATURE,Greater than 2 cycles,Y,B,NO TREND,NO
STORE_15,ITEM_027,NO,MATURE,Greater than 2 cycles,Y,B,NO TREND,NO
STORE_15,ITEM_028,NO,MATURE,Greater than 2 cycles,Y,B,NO TREND,NO
STORE_15,ITEM_029,NO,MATURE,Greater than 2 cycles,Y,B,NO TREND,NO
STORE_15,ITEM_030,NO,MATURE,Greater than 2 cycles,Y,B,NO TREND,NO
STORE_15,ITEM_031,NO,MATURE,Greater than 2 cycles,Y,A,NO TREND,NO
STORE_15,ITEM_032,NO,MATURE,Greater than 2 cycles,Y,B,NO TREND,NO
STORE_15,ITEM_033,NO,MATURE,Greater than 2 cycles,Y,B,NO TREND,NO
STORE_15,ITEM_034,NO,MATURE,Greater than 2 cycles,Y,B,NO TREND,NO
STORE_15,ITEM_035,NO,MATURE,Greater than 2 cycles,Y,A,NO TREND,NO
STORE_15,ITEM_036,NO,MATURE,Greater than 2 cycles,Y,A,NO TREND,NO
STORE_15,ITEM_037,NO,MATURE,Greater than 2 cycles,Y,A,NO TREND,NO
STORE_15,ITEM_038,NO,MATURE,Greater than 2 cycles,Y,A,NO TREND,NO
STORE_15,ITEM_039,NO,MATURE,Greater than 2 cycles,Y,A,NO TREND,NO
STORE_15,ITEM_040,NO,MATURE,Greater than 2 cycles,Y,A,NO TREND,NO
STORE_15,ITEM_041,NO,MATURE,Greater than 2 cycles,Y,B,NO TREND,NO
STORE_15,ITEM_042,NO,MATURE,Greater than 2 cycles,Y,A,NO TREND,NO
STORE_15,ITEM_043,NO,MATURE,Greater than 2 cycles,Y,A,NO TREND,NO
STORE_15,ITEM_044,NO,MATURE,Greater than 2 cycles,Y,B,NO TREND,NO
STORE_15,ITEM_045,NO,MATURE,Greater than 2 cycles,Y,B,NO TREND,NO
STORE_15,ITEM_046,NO,MATURE,Greater than 2 cycles,Y,A,NO TREND,NO
STORE_15,ITEM_047,NO,MATURE,Greater than 2 cycles,Y,B,NO TREND,NO
STORE_15,ITEM_048,NO,MATURE,Greater than 2 cycles,Y,A,NO TREND,NO
STORE_15,ITEM_049,NO,MATURE,Greater than 2 cycles,Y,A,NO TREND,NO
STORE_15,ITEM_050,NO,MATURE,Greater than 2 cycles,Y,B,NO TREND,NO
STORE_16,ITEM_001,NO,MATURE,Greater than 2 cycles,Y,B,NO TREND,NO
STORE_16,ITEM_002,NO,MATURE,Greater than 2 cycles,Y,B,NO TREND,NO
STORE_16,ITEM_003,NO,MATURE,Greater than 2 cycles,Y,B,NO TREND,NO
STORE_16,ITEM_004,NO,MATURE,Greater than 2 cycles,Y,B,NO TREND,NO
STORE_16,ITEM_005,NO,MATURE,Greater than 2 cycles,Y,B,NO TREND,NO
STORE_16,ITEM_006,NO,MATURE,Greater than 2 cycles,Y,A,NO TREND,NO
STORE_16,ITEM_007,NO,MATURE,Greater than 2 cycles,Y,B,NO TREND,NO
STORE_16,ITEM_008,NO,MATURE,Greater than 2 cycles,Y,A,NO TREND,NO
STORE_16,ITEM_009,NO,MATURE,Greater than 2 cycles,Y,B,NO TREND,NO
STORE_16,ITEM_010,NO,MATURE,Greater than 2 cycles,Y,B,NO TREND,NO
STORE_16,ITEM_011,NO,MATURE,Greater than 2 cycles,Y,B,NO TREND,NO
STORE_16,ITEM_012,NO,MATURE,Greater than 2 cycles,Y,B,NO TREND,NO
STORE_16,ITEM_013,NO,MATURE,Greater than 2 cycles,Y,B,NO TREND,NO
STORE_16,ITEM_014,NO,MATURE,Greater than 2 cycles,Y,A,NO TREND,NO
STORE_16,ITEM_015,NO,MATURE,Greater than 2 cycles,Y,A,NO TREND,NO
STORE_16,ITEM_016,NO,MATURE,Greater than 2 cycles,Y,B,NO TREND,NO
STORE_16,ITEM_017,NO,MATURE,Greater than 2 cycles,Y,A,NO TREND,NO
STORE_16,ITEM_018,NO,MATURE,Greater than 2 cycles,Y,B,NO TREND,NO
STORE_16,ITEM_019,NO,MATURE,Greater than 2 cycles,Y,B,NO TREND,NO
STORE_16,ITEM_020,NO,MATURE,Greater than 2 cycles,Y,A,NO TREND,NO
STORE_16,ITEM_021,NO,MATURE,Greater than 2 cycles,Y,B,NO TREND,NO
STORE_16,ITEM_022,NO,MATURE,Greater than 2 cycles,Y,B,NO TREND,NO
STORE_16,ITEM_023,NO,MATURE,Greater than 2 cycles,Y,B,NO TREND,NO
STORE_16,ITEM_024,NO,MATURE,Greater than 2 cycles,Y,B,NO TREND,NO
STORE_16,ITEM_025,NO,MATURE,Greater than 2 cycles,Y,B,NO TREND,NO
STORE_16,ITEM_026,NO,MATURE,Greater than 2 cycles,Y,B,NO TREND,NO
STORE_16,ITEM_027,NO,MATURE,Greater than 2 cycles,Y,B,NO TREND,NO
STORE_16,ITEM_028,NO,MATURE,Greater than 2 cycles,Y,B,NO TREND,NO
STORE_16,ITEM_029,NO,MATURE,Greater than 2 cycles,Y,B,NO TREND,NO
STORE_16,ITEM_030,NO,MATURE,Greater than 2 cycles,Y,B,NO TREND,NO
STORE_16,ITEM_031,NO,MATURE,Greater than 2 cycles,Y,B,NO TREND,NO
STORE_16,ITEM_032,NO,MATURE,Greater than 2 cycles,Y,B,NO TREND,NO
STORE_16,ITEM_033,NO,MATURE,Greater than 2 cycles,Y,B,NO TREND,NO
STORE_16,ITEM_034,NO,MATURE,Greater than 2 cycles,Y,B,NO TREND,NO
STORE_16,ITEM_035,NO,MATURE,Greater than 2 cycles,Y,B,NO TREND,NO
STORE_16,ITEM_036,NO,MATURE,Greater than 2 cycles,Y,B,NO TREND,NO
STORE_16,ITEM_037,NO,MATURE,Greater than 2 cycles,Y,B,NO TREND,NO
STORE_16,ITEM_038,NO,MATURE,Greater than 2 cycles,Y,A,NO TREND,NO
STORE_16,ITEM_039,NO,MATURE,Greater than 2 cycles,Y,B,NO TREND,NO
STORE_16,ITEM_040,NO,MATURE,Greater than 2 cycles,Y,B,NO TREND,NO
STORE_16,ITEM_041,NO,MATURE,Greater than 2 cycles,Y,B,NO TREND,NO
STORE_16,ITEM_042,NO,MATURE,Greater than 2 cycles,Y,B,NO TREND,NO
STORE_16,ITEM_043,NO,MATURE,Greater than 2 cycles,Y,B,NO TREND,NO
STORE_16,ITEM_044,NO,MATURE,Greater than 2 cycles,Y,B,NO TREND,NO
STORE_16,ITEM_045,NO,MATURE,Greater than 2 cycles,Y,B,NO TREND,NO
STORE_16,ITEM_046,NO,MATURE,Greater than 2 cycles,Y,B,NO TREND,NO
STORE_16,ITEM_047,NO,MATURE,Greater than 2 cycles,Y,B,NO TREND,NO
STORE_16,ITEM_048,NO,MATURE,Greater than 2 cycles,Y,B,NO TREND,NO
STORE_16,ITEM_049,NO,MATURE,Greater than 2 cycles,Y,B,NO TREND,NO
STORE_16,ITEM_050,NO,MATURE,Greater than 2 cycles,Y,B,NO TREND,NO
STORE_17,ITEM_001,NO,MATURE,Greater than 2 cycles,Y,B,NO TREND,NO
STORE_17,ITEM_002,NO,MATURE,Greater than 2 cycles,Y,B,NO TREND,NO
STORE_17,ITEM_003,NO,MATURE,Greater than 2 cycles,Y,B,NO TREND,NO
STORE_17,ITEM_004,NO,MATURE,Greater than 2 cycles,Y,A,NO TREND,NO
STORE_17,ITEM_005,NO,MATURE,Greater than 2 cycles,Y,B,NO TREND,NO
STORE_17,ITEM_006,NO,MATURE,Greater than 2 cycles,Y,A,NO TREND,NO
STORE_17,ITEM_007,NO,MATURE,Greater than 2 cycles,Y,B,NO TREND,NO
STORE_17,ITEM_008,NO,MATURE,Greater than 2 cycles,Y,A,NO TREND,NO
STORE_17,ITEM_009,NO,MATURE,Greater than 2 cycles,Y,B,NO TREND,NO
STORE_17,ITEM_010,NO,MATURE,Greater than 2 cycles,Y,B,NO TREND,NO
STORE_17,ITEM_011,NO,MATURE,Greater than 2 cycles,Y,B,NO TREND,NO
STORE_17,ITEM_012,NO,MATURE,Greater than 2 cycles,Y,A,NO TREND,NO
STORE_17,ITEM_013,NO,MATURE,Greater than 2 cycles,Y,B,NO TREND,NO
STORE_17,ITEM_014,NO,MATURE,Greater than 2 cycles,Y,A,NO TREND,NO
STORE_17,ITEM_015,NO,MATURE,Greater than 2 cycles,Y,A,NO TREND,NO
STORE_17,ITEM_016,NO,MATURE,Greater than 2 cycles,Y,B,NO TREND,NO
STORE_17,ITEM_017,NO,MATURE,Greater than 2 cycles,Y,A,NO TREND,NO
STORE_17,ITEM_018,NO,MATURE,Greater than 2 cycles,Y,B,NO TREND,NO
STORE_17,ITEM_019,NO,MATURE,Greater than 2 cycles,Y,B,NO TREND,NO
STORE_17,ITEM_020,NO,MATURE,Greater than 2 cycles,Y,A,NO TREND,NO
STORE_17,ITEM_021,NO,MATURE,Greater than 2 cycles,Y,B,NO TREND,NO
STORE_17,ITEM_022,NO,MATURE,Greater than 2 cycles,Y,B,NO TREND,NO
STORE_17,ITEM_023,NO,MATURE,Greater than 2 cycles,Y,B,NO TREND,NO
STORE_17,ITEM_024,NO,MATURE,Greater than 2 cycles,Y,B,NO TREND,NO
STORE_17,ITEM_025,NO,MATURE,Greater than 2 cycles,Y,B,NO TREND,NO
STORE_17,ITEM_026,NO,MATURE,Greater than 2 cycles,Y,B,NO TREND,NO
STORE_17,ITEM_027,NO,MATURE,Greater than 2 cycles,Y,B,NO TREND,NO
STORE_17,ITEM_028,NO,MATURE,Greater than 2 cycles,Y,B,NO TREND,NO
STORE_17,ITEM_029,NO,MATURE,Greater than 2 cycles,Y,B,NO TREND,NO
STORE_17,ITEM_030,NO,MATURE,Greater than 2 cycles,Y,B,NO TREND,NO
STORE_17,ITEM_031,NO,MATURE,Greater than 2 cycles,Y,A,NO TREND,NO
STORE_17,ITEM_032,NO,MATURE,Greater than 2 cycles,Y,B,NO TREND,NO
STORE_17,ITEM_033,NO,MATURE,Greater than 2 cycles,Y,B,NO TREND,NO
STORE_17,ITEM_034,NO,MATURE,Greater than 2 cycles,Y,B,NO TREND,NO
STORE_17,ITEM_035,NO,MATURE,Greater than 2 cycles,Y,B,NO TREND,NO
STORE_17,ITEM_036,NO,MATURE,Greater than 2 cycles,Y,B,NO TREND,NO
STORE_17,ITEM_037,NO,MATURE,Greater than 2 cycles,Y,B,NO TREND,NO
STORE_17,ITEM_038,NO,MATURE,Greater than 2 cycles,Y,A,NO TREND,NO
STORE_17,ITEM_039,NO,MATURE,Greater than 2 cycles,Y,B,NO TREND,NO
STORE_17,ITEM_040,NO,MATURE,Greater than 2 cycles,Y,B,NO TREND,NO
STORE_17,ITEM_041,NO,MATURE,Greater than 2 cycles,Y,B,NO TREND,NO
STORE_17,ITEM_042,NO,MATURE,Greater than 2 cycles,Y,A,NO TREND,NO
STORE_17,ITEM_043,NO,MATURE,Greater than 2 cycles,Y,B,NO TREND,NO
STORE_17,ITEM_044,NO,MATURE,Greater than 2 cycles,Y,B,NO TREND,NO
STORE_17,ITEM_045,NO,MATURE,Greater than 2 cycles,Y,B,NO TREND,NO
STORE_17,ITEM_046,NO,MATURE,Greater than 2 cycles,Y,B,NO TREND,NO
STORE_17,ITEM_047,NO,MATURE,Greater than 2 cycles,Y,B,NO TREND,NO
STORE_17,ITEM_048,NO,MATURE,Greater than 2 cycles,Y,B,NO TREND,NO
STORE_17,ITEM_049,NO,MATURE,Greater than 2 cycles,Y,B,NO TREND,NO
STORE_17,ITEM_050,NO,MATURE,Greater than 2 cycles,Y,B,NO TREND,NO
STORE_18,ITEM_001,NO,MATURE,Greater than 2 cycles,Y,B,NO TREND,NO
STORE_18,ITEM_002,NO,MATURE,Greater than 2 cycles,Y,B,NO TREND,NO
STORE_18,ITEM_003,NO,MATURE,Greater than 2 cycles,Y,B,NO TREND,NO
STORE_18,ITEM_004,NO,MATURE,Greater than 2 cycles,Y,A,NO TREND,NO
STORE_18,ITEM_005,NO,MATURE,Greater than 2 cycles,Y,B,NO TREND,NO
STORE_18,ITEM_006,NO,MATURE,Greater than 2 cycles,Y,A,NO TREND,NO
STORE_18,ITEM_007,NO,MATURE,Greater than 2 cycles,Y,B,NO TREND,NO
STORE_18,ITEM_008,NO,MATURE,Greater than 2 cycles,Y,A,NO TREND,NO
STORE_18,ITEM_009,NO,MATURE,Greater than 2 cycles,Y,B,NO TREND,NO
STORE_18,ITEM_010,NO,MATURE,Greater than 2 cycles,Y,B,NO TREND,NO
STORE_18,ITEM_011,NO,MATURE,Greater than 2 cycles,Y,B,NO TREND,NO
STORE_18,ITEM_012,NO,MATURE,Greater than 2 cycles,Y,B,NO TREND,NO
STORE_18,ITEM_013,NO,MATURE,Greater than 2 cycles,Y,B,NO TREND,NO
STORE_18,ITEM_014,NO,MATURE,Greater than 2 cycles,Y,A,NO TREND,NO
STORE_18,ITEM_015,NO,MATURE,Greater than 2 cycles,Y,A,NO TREND,NO
STORE_18,ITEM_016,NO,MATURE,Greater than 2 cycles,Y,B,NO TREND,NO
STORE_18,ITEM_017,NO,MATURE,Greater than 2 cycles,Y,A,NO TREND,NO
STORE_18,ITEM_018,NO,MATURE,Greater than 2 cycles,Y,B,NO TREND,NO
STORE_18,ITEM_019,NO,MATURE,Greater than 2 cycles,Y,B,NO TREND,NO
STORE_18,ITEM_020,NO,MATURE,Greater than 2 cycles,Y,A,NO TREND,NO
STORE_18,ITEM_021,NO,MATURE,Greater than 2 cycles,Y,B,NO TREND,NO
STORE_18,ITEM_022,NO,MATURE,Greater than 2 cycles,Y,B,NO TREND,NO
STORE_18,ITEM_023,NO,MATURE,Greater than 2 cycles,Y,B,NO TREND,NO
STORE_18,ITEM_024,NO,MATURE,Greater than 2 cycles,Y,B,NO TREND,NO
STORE_18,ITEM_025,NO,MATURE,Greater than 2 cycles,Y,B,NO TREND,NO
STORE_18,ITEM_026,NO,MATURE,Greater than 2 cycles,Y,B,NO TREND,NO
STORE_18,ITEM_027,NO,MATURE,Greater than 2 cycles,Y,B,NO TREND,NO
STORE_18,ITEM_028,NO,MATURE,Greater than 2 cycles,Y,B,NO TREND,NO
STORE_18,ITEM_029,NO,MATURE,Greater than 2 cycles,Y,B,NO TREND,NO
STORE_18,ITEM_030,NO,MATURE,Greater than 2 cycles,Y,B,NO TREND,NO
STORE_18,ITEM_031,NO,MATURE,Greater than 2 cycles,Y,A,NO TREND,NO
STORE_18,ITEM_032,NO,MATURE,Greater than 2 cycles,Y,B,NO TREND,NO
STORE_18,ITEM_033,NO,MATURE,Greater than 2 cycles,Y,B,NO TREND,NO
STORE_18,ITEM_034,NO,MATURE,Greater than 2 cycles,Y,B,NO TREND,NO
STORE_18,ITEM_035,NO,MATURE,Greater than 2 cycles,Y,B,NO TREND,NO
STORE_18,ITEM_036,NO,MATURE,Greater than 2 cycles,Y,B,NO TREND,NO
STORE_18,ITEM_037,NO,MATURE,Greater than 2 cycles,Y,B,NO TREND,NO
STORE_18,ITEM_038,NO,MATURE,Greater than 2 cycles,Y,A,NO TREND,NO
STORE_18,ITEM_039,NO,MATURE,Greater than 2 cycles,Y,B,NO TREND,NO
STORE_18,ITEM_040,NO,MATURE,Greater than 2 cycles,Y,B,NO TREND,NO
STORE_18,ITEM_041,NO,MATURE,Greater than 2 cycles,Y,B,NO TREND,NO
STORE_18,ITEM_042,NO,MATURE,Greater than 2 cycles,Y,B,NO TREND,NO
STORE_18,ITEM_043,NO,MATURE,Greater than 2 cycles,Y,B,NO TREND,NO
STORE_18,ITEM_044,NO,MATURE,Greater than 2 cycles,Y,B,NO TREND,NO
STORE_18,ITEM_045,NO,MATURE,Greater than 2 cycles,Y,B,NO TREND,NO
STORE_18,ITEM_046,NO,MATURE,Greater than 2 cycles,Y,B,NO TREND,NO
STORE_18,ITEM_047,NO,MATURE,Greater than 2 cycles,Y,B,NO TREND,NO
STORE_18,ITEM_048,NO,MATURE,Greater than 2 cycles,Y,B,NO TREND,NO
STORE_18,ITEM_049,NO,MATURE,Greater than 2 cycles,Y,B,NO TREND,NO
STORE_18,ITEM_050,NO,MATURE,Greater than 2 cycles,Y,B,NO TREND,NO
STORE_19,ITEM_001,NO,MATURE,Greater than 2 cycles,Y,B,NO TREND,NO
STORE_19,ITEM_002,NO,MATURE,Greater than 2 cycles,Y,B,NO TREND,NO
STORE_19,ITEM_003,NO,MATURE,Greater than 2 cycles,Y,B,NO TREND,NO
STORE_19,ITEM_004,NO,MATURE,Greater than 2 cycles,Y,A,NO TREND,NO
STORE_19,ITEM_005,NO,MATURE,Greater than 2 cycles,Y,B,NO TREND,NO
STORE_19,ITEM_006,NO,MATURE,Greater than 2 cycles,Y,A,NO TREND,NO
STORE_19,ITEM_007,NO,MATURE,Greater than 2 cycles,Y,B,NO TREND,NO
STORE_19,ITEM_008,NO,MATURE,Greater than 2 cycles,Y,A,NO TREND,NO
STORE_19,ITEM_009,NO,MATURE,Greater than 2 cycles,Y,B,NO TREND,NO
STORE_19,ITEM_010,NO,MATURE,Greater than 2 cycles,Y,B,NO TREND,NO
STORE_19,ITEM_011,NO,MATURE,Greater than 2 cycles,Y,B,NO TREND,NO
STORE_19,ITEM_012,NO,MATURE,Greater than 2 cycles,Y,B,NO TREND,NO
STORE_19,ITEM_013,NO,MATURE,Greater than 2 cycles,Y,B,NO TREND,NO
STORE_19,ITEM_014,NO,MATURE,Greater than 2 cycles,Y,A,NO TREND,NO
STORE_19,ITEM_015,NO,MATURE,Greater than 2 cycles,Y,A,NO TREND,NO
STORE_19,ITEM_016,NO,MATURE,Greater than 2 cycles,Y,B,NO TREND,NO
STORE_19,ITEM_017,NO,MATURE,Greater than 2 cycles,Y,A,NO TREND,NO
STORE_19,ITEM_018,NO,MATURE,Greater than 2 cycles,Y,B,NO TREND,NO
STORE_19,ITEM_019,NO,MATURE,Greater than 2 cycles,Y,B,NO TREND,NO
STORE_19,ITEM_020,NO,MATURE,Greater than 2 cycles,Y,A,NO TREND,NO
STORE_19,ITEM_021,NO,MATURE,Greater than 2 cycles,Y,B,NO TREND,NO
STORE_19,ITEM_022,NO,MATURE,Greater than 2 cycles,Y,B,NO TREND,NO
STORE_19,ITEM_023,NO,MATURE,Greater than 2 cycles,Y,B,NO TREND,NO
STORE_19,ITEM_024,NO,MATURE,Greater than 2 cycles,Y,B,NO TREND,NO
STORE_19,ITEM_025,NO,MATURE,Greater than 2 cycles,Y,B,NO TREND,NO
STORE_19,ITEM_026,NO,MATURE,Greater than 2 cycles,Y,B,NO TREND,NO
STORE_19,ITEM_027,NO,MATURE,Greater than 2 cycles,Y,B,NO TREND,NO
STORE_19,ITEM_028,NO,MATURE,Greater than 2 cycles,Y,B,NO TREND,NO
STORE_19,ITEM_029,NO,MATURE,Greater than 2 cycles,Y,B,NO TREND,NO
STORE_19,ITEM_030,NO,MATURE,Greater than 2 cycles,Y,B,NO TREND,NO
STORE_19,ITEM_031,NO,MATURE,Greater than 2 cycles,Y,A,NO TREND,NO
STORE_19,ITEM_032,NO,MATURE,Greater than 2 cycles,Y,B,NO TREND,NO
STORE_19,ITEM_033,NO,MATURE,Greater than 2 cycles,Y,B,NO TREND,NO
STORE_19,ITEM_034,NO,MATURE,Greater than 2 cycles,Y,B,NO TREND,NO
STORE_19,ITEM_035,NO,MATURE,Greater than 2 cycles,Y,B,NO TREND,NO
STORE_19,ITEM_036,NO,MATURE,Greater than 2 cycles,Y,B,NO TREND,NO
STORE_19,ITEM_037,NO,MATURE,Greater than 2 cycles,Y,B,NO TREND,NO
STORE_19,ITEM_038,NO,MATURE,Greater than 2 cycles,Y,A,NO TREND,NO
STORE_19,ITEM_039,NO,MATURE,Greater than 2 cycles,Y,B,NO TREND,NO
STORE_19,ITEM_040,NO,MATURE,Greater than 2 cycles,Y,B,NO TREND,NO
STORE_19,ITEM_041,NO,MATURE,Greater than 2 cycles,Y,B,NO TREND,NO
STORE_19,ITEM_042,NO,MATURE,Greater than 2 cycles,Y,B,NO TREND,NO
STORE_19,ITEM_043,NO,MATURE,Greater than 2 cycles,Y,B,NO TREND,NO
STORE_19,ITEM_044,NO,MATURE,Greater than 2 cycles,Y,B,NO TREND,NO
STORE_19,ITEM_045,NO,MATURE,Greater than 2 cycles,Y,B,NO TREND,NO
STORE_19,ITEM_046,NO,MATURE,Greater than 2 cycles,Y,B,NO TREND,NO
STORE_19,ITEM_047,NO,MATURE,Greater than 2 cycles,Y,B,NO TREND,NO
STORE_19,ITEM_048,NO,MATURE,Greater than 2 cycles,Y,B,NO TREND,NO
STORE_19,ITEM_049,NO,MATURE,Greater than 2 cycles,Y,B,NO TREND,NO
STORE_19,ITEM_050,NO,MATURE,Greater than 2 cycles,Y,B,NO TREND,NO
STORE_20,ITEM_001,NO,MATURE,Greater than 2 cycles,Y,B,NO TREND,NO
STORE_20,ITEM_002,NO,MATURE,Greater than 2 cycles,Y,B,NO TREND,NO
STORE_20,ITEM_003,NO,MATURE,Greater than 2 cycles,Y,A,NO TREND,NO
STORE_20,ITEM_004,NO,MATURE,Greater than 2 cycles,Y,A,NO TREND,NO
STORE_20,ITEM_005,NO,MATURE,Greater than 2 cycles,Y,A,NO TREND,NO
STORE_20,ITEM_006,NO,MATURE,Greater than 2 cycles,Y,A,NO TREND,NO
STORE_20,ITEM_007,NO,MATURE,Greater than 2 cycles,Y,B,NO TREND,NO
STORE_20,ITEM_008,NO,MATURE,Greater than 2 cycles,Y,A,NO TREND,NO
STORE_20,ITEM_009,NO,MATURE,Greater than 2 cycles,Y,B,NO TREND,NO
STORE_20,ITEM_010,NO,MATURE,Greater than 2 cycles,Y,B,NO TREND,NO
STORE_20,ITEM_011,NO,MATURE,Greater than 2 cycles,Y,B,NO TREND,NO
STORE_20,ITEM_012,NO,MATURE,Greater than 2 cycles,Y,A,NO TREND,NO
STORE_20,ITEM_013,NO,MATURE,Greater than 2 cycles,Y,B,NO TREND,NO
STORE_20,ITEM_014,NO,MATURE,Greater than 2 cycles,Y,A,NO TREND,NO
STORE_20,ITEM_015,NO,MATURE,Greater than 2 cycles,Y,A,NO TREND,NO
STORE_20,ITEM_016,NO,MATURE,Greater than 2 cycles,Y,B,NO TREND,NO
STORE_20,ITEM_017,NO,MATURE,Greater than 2 cycles,Y,A,NO TREND,NO
STORE_20,ITEM_018,NO,MATURE,Greater than 2 cycles,Y,B,NO TREND,NO
STORE_20,ITEM_019,NO,MATURE,Greater than 2 cycles,Y,B,NO TREND,NO
STORE_20,ITEM_020,NO,MATURE,Greater than 2 cycles,Y,A,NO TREND,NO
STORE_20,ITEM_021,NO,MATURE,Greater than 2 cycles,Y,B,NO TREND,NO
STORE_20,ITEM_022,NO,MATURE,Greater than 2 cycles,Y,B,NO TREND,NO
STORE_20,ITEM_023,NO,MATURE,Greater than 2 cycles,Y,B,NO TREND,NO
STORE_20,ITEM_024,NO,MATURE,Greater than 2 cycles,Y,B,NO TREND,NO
STORE_20,ITEM_025,NO,MATURE,Greater than 2 cycles,Y,A,NO TREND,NO
STORE_20,ITEM_026,NO,MATURE,Greater than 2 cycles,Y,B,NO TREND,NO
STORE_20,ITEM_027,NO,MATURE,Greater than 2 cycles,Y,B,NO TREND,NO
STORE_20,ITEM_028,NO,MATURE,Greater than 2 cycles,Y,B,NO TREND,NO
STORE_20,ITEM_029,NO,MATURE,Greater than 2 cycles,Y,B,NO TREND,NO
STORE_20,ITEM_030,NO,MATURE,Greater than 2 cycles,Y,B,NO TREND,NO
STORE_20,ITEM_031,NO,MATURE,Greater than 2 cycles,Y,A,NO TREND,NO
STORE_20,ITEM_032,NO,MATURE,Greater than 2 cycles,Y,B,NO TREND,NO
STORE_20,ITEM_033,NO,MATURE,Greater than 2 cycles,Y,B,NO TREND,NO
STORE_20,ITEM_034,NO,MATURE,Greater than 2 cycles,Y,B,NO TREND,NO
STORE_20,ITEM_035,NO,MATURE,Greater than 2 cycles,Y,A,NO TREND,NO
STORE_20,ITEM_036,NO,MATURE,Greater than 2 cycles,Y,A,NO TREND,NO
STORE_20,ITEM_037,NO,MATURE,Greater than 2 cycles,Y,B,NO TREND,NO
STORE_20,ITEM_038,NO,MATURE,Greater than 2 cycles,Y,A,NO TREND,NO
STORE_20,ITEM_039,NO,MATURE,Greater than 2 cycles,Y,B,NO TREND,NO
STORE_20,ITEM_040,NO,MATURE,Greater than 2 cycles,Y,A,NO TREND,NO
STORE_20,ITEM_041,NO,MATURE,Greater than 2 cycles,Y,B,NO TREND,NO
STORE_20,ITEM_042,NO,MATURE,Greater than 2 cycles,Y,A,NO TREND,NO
STORE_20,ITEM_043,NO,MATURE,Greater than 2 cycles,Y,A,NO TREND,NO
STORE_20,ITEM_044,NO,MATURE,Greater than 2 cycles,Y,B,NO TREND,NO
STORE_20,ITEM_045,NO,MATURE,Greater than 2 cycles,Y,B,NO TREND,NO
STORE_20,ITEM_046,NO,MATURE,Greater than 2 cycles,Y,B,NO TREND,NO
STORE_20,ITEM_047,NO,MATURE,Greater than 2 cycles,Y,B,NO TREND,NO
STORE_20,ITEM_048,NO,MATURE,Greater than 2 cycles,Y,B,NO TREND,NO
STORE_20,ITEM_049,NO,MATURE,Greater than 2 cycles,Y,A,NO TREND,NO
STORE_20,ITEM_050,NO,MATURE,Greater than 2 cycles,Y,B,NO TREND,NO
